INSERT INTO Users (user_name, user_email, user_password, user_mobile_number)
VALUES ('Иван', 'ivan123@example.com', 'p@ssw0rd123', '79123456789'),
       ('Елена', 'elena456@example.com', 'qwerty456', '79234567890'),
       ('Дмитрий', 'dmitriy789@example.com', 'abc123xyz', '79345678901'),
       ('Анна', 'anna101112@example.com', 'password789', '79456789012'),
       ('Сергей', 'sergey131415@example.com', 'securepwd321', '79567890123'),
       ('Мария', 'maria161718@example.com', 'myp@ss789', '79678901234'),
       ('Александр', 'alex192021@example.com', 'pass123word', '79789012345'),
       ('Ольга', 'olga222324@example.com', 'mysecret123', '79890123456'),
       ('Артем', 'artem252627@example.com', 'securepassword456', '79901234567'),
       ('Екатерина', 'ekaterina282930@example.com', 'letmein789', '70012345678'),
       ('Павел', 'pavel313233@example.com', 'qwertyuiop123', '70123456789'),
       ('Алиса', 'alisa343536@example.com', 'password123456', '70234567890'),
       ('Николай', 'nikolay373839@example.com', 'mypassword123', '70345678901'),
       ('Ирина', 'irina404142@example.com', 'secure123pwd', '70456789012'),
       ('Владимир', 'vladimir434445@example.com', 'pass789word', '70567890123'),
       ('Евгения', 'evgenia464748@example.com', 'letmein123', '70678901234'),
       ('Григорий', 'grigoriy495051@example.com', 'qwerty123456', '70789012345'),
       ('Татьяна', 'tatyana525354@example.com', 'password789123', '70890123456'),
       ('Максим', 'maxim555657@example.com', 'myp@ss123', '70901234567'),
       ('Елена', 'elena585960@example.com', 'securepwd789', '71012345678'),
       ('Андрей', 'andrey616263@example.com', 'letmein456', '71123456789'),
       ('Анастасия', 'anastasiya646566@example.com', 'qwerty789', '71234567890'),
       ('Дарья', 'darya676869@example.com', 'mypassword456', '71345678901'),
       ('Сергей', 'sergey707172@example.com', 'secure789pwd', '71456789012'),
       ('Ольга', 'olga737475@example.com', 'password123789', '71567890123'),
       ('Иван', 'ivan767778@example.com', 'letmein789123', '71678901234'),
       ('Наталья', 'natalya798081@example.com', 'qwerty456789', '71789012345'),
       ('Алексей', 'alexey828384@example.com', 'myp@ss456', '71890123456'),
       ('Екатерина', 'ekaterina858687@example.com', 'secure789pwd', '71901234567'),
       ('Денис', 'denis1234@example.com', 'passw0rd123', '79123456780'),
       ('Евгений', 'evgeniy5678@example.com', 'abc123def456', '79234567801'),
       ('Олеся', 'olesya91011@example.com', 'qwerty7890', '79345678012'),
       ('Александра', 'aleksandra121314@example.com', 'password123abc', '79456780123'),
       ('Михаил', 'mikhail151617@example.com', 'securepass123', '79567801234'),
       ('Елена', 'elena181920@example.com', 'myp@ssword789', '79678012345'),
       ('Ирина', 'irina212223@example.com', 'letmein123456', '79789012356'),
       ('Андрей', 'andrey242526@example.com', 'qwerty123abc', '79890123567'),
       ('Ксения', 'kseniya272829@example.com', 'mypassword123abc', '79901235678'),
       ('Виктор', 'viktor303132@example.com', 'secure789password', '70012356789'),
       ('Наталья', 'natalya333435@example.com', 'letmein789abc', '70123467890'),
       ('Павел', 'pavel363738@example.com', 'qwerty456abc', '70234578901'),
       ('Анастасия', 'anastasiya394041@example.com', 'myp@ssword789abc', '70345689012'),
       ('Георгий', 'georgiy424344@example.com', 'securepass123abc', '70456790123'),
       ('Елена', 'elena454647@example.com', 'letmein123456abc', '70567801234'),
       ('Валентина', 'valentina484950@example.com', 'qwerty123abc456', '70678012345'),
       ('Сергей', 'sergey515253@example.com', 'mypassword789abc', '70789023456'),
       ('Алиса', 'alisa545556@example.com', 'securepassword123abc', '70890134567'),
       ('Алексей', 'alexey575859@example.com', 'letmein789abc123', '70901245678'),
       ('Мария', 'maria606162@example.com', 'qwerty123abc456', '71012356789'),
       ('Дмитрий', 'dmitriy636465@example.com', 'myp@ssword789abc', '71123467890'),
       ('Елена', 'elena666768@example.com', 'securepass123abc', '71234578901'),
       ('Анна', 'anna697071@example.com', 'letmein123456abc', '71345689012'),
       ('Иван', 'ivan727374@example.com', 'qwerty123abc456', '71456790123'),
       ('Ольга', 'olga757677@example.com', 'mypassword789abc', '71567801234'),
       ('Владимир', 'vladimir787980@example.com', 'securepassword123abc', '71678012345'),
       ('Татьяна', 'tatyana818283@example.com', 'letmein789abc123', '71789023456'),
       ('София', 'sofia848586@example.com', 'qwerty123abc456', '71890134567'),
       ('Никита', 'nikita878889@example.com', 'mypassword789abc', '71901245678'),
       ('Артемий', 'artemiy901234@example.com', 'passw0rdabc123', '79123456701'),
       ('Дарина', 'darina567890@example.com', 'abc123def456ghi', '79234567012'),
       ('Василиса', 'vasilisa9101112@example.com', 'qwerty7890jkl', '79345670123'),
       ('Роман', 'roman12131415@example.com', 'password123abcxyz', '79456701234'),
       ('Елена', 'elena16171819@example.com', 'securepass123xyz', '79567012345'),
       ('Игорь', 'igor20212223@example.com', 'myp@ssword789xyz', '79670123456'),
       ('Анна', 'anna24252627@example.com', 'letmein123456xyz', '79701234567'),
       ('Полина', 'polina28293031@example.com', 'qwerty123abcxyz', '79812345678'),
       ('Дмитрий', 'dmitriy32333435@example.com', 'myp@ssword789abcxyz', '79923456789'),
       ('Маргарита', 'margarita36373839@example.com', 'securepass123abcxyz', '70034567890'),
       ('Андрей', 'andrey40414243@example.com', 'letmein123456abcxyz', '70145678901'),
       ('Евгения', 'evgeniya44454647@example.com', 'qwerty123abcxyz', '70256789012'),
       ('Артем', 'artem48495051@example.com', 'myp@ssword789abcxyz', '70367890123'),
       ('Ольга', 'olga52535455@example.com', 'securepass123abcxyz', '70478901234'),
       ('Максим', 'maxim56575859@example.com', 'letmein123456abcxyz', '70590123456'),
       ('Алина', 'alina60616263@example.com', 'qwerty123abcxyz', '70601234567'),
       ('Анастасия', 'anastasiya64656667@example.com', 'myp@ssword789abcxyz', '70712345678'),
       ('Иван', 'ivan68697071@example.com', 'securepass123abcxyz', '70823456789'),
       ('Наталья', 'natalya72737475@example.com', 'letmein123456abcxyz', '70934567890'),
       ('Сергей', 'sergey76777879@example.com', 'qwerty123abcxyz', '71045678901'),
       ('Екатерина', 'ekaterina80818283@example.com', 'myp@ssword789abcxyz', '71156789012'),
       ('Владимир', 'vladimir84858687@example.com', 'securepass123abcxyz', '71267890123'),
       ('Елизавета', 'elizaveta88899091@example.com', 'letmein123456abcxyz', '71378901234'),
       ('Александр', 'alexandr92939495@example.com', 'qwerty123abcxyz', '71490123456'),
       ('Антон', 'anton96979899@example.com', 'myp@ssword789abcxyz', '71501234567'),
       ('Татьяна', 'tatyana00010203@example.com', 'securepass123abcxyz', '71612345678'),
       ('Олег', 'oleg04050607@example.com', 'letmein123456abcxyz', '71723456789'),
       ('Дарья', 'darya08091011@example.com', 'qwerty123abcxyz', '71834567890'),
       ('Ирина', 'irina12131415@example.com', 'myp@ssword789abcxyz', '71945678901'),
       ('Павел', 'pavel16171819@example.com', 'securepass123abcxyz', '72056789012'),
       ('Мария', 'maria20212223@example.com', 'letmein123456abcxyz', '72167890123'),
       ('Илья', 'ilya24252627@example.com', 'qwerty123abcxyz', '72278901234'),
       ('Евгений', 'evgeniy28293031@example.com', 'myp@ssword789abcxyz', '72390123456'),
       ('Кристина', 'kristina32333435@example.com', 'securepass123abcxyz', '72401234567'),
       ('Валентин', 'valentin36373839@example.com', 'letmein123456abcxyz', '72512345678'),
       ('Елизавета', 'elizaveta40414243@example.com', 'qwerty123abcxyz', '72623456789'),
       ('София', 'sofia44454647@example.com', 'myp@ssword789abcxyz', '72734567890'),
       ('Глеб', 'gleb48495051@example.com', 'securepass123abcxyz', '72845678901'),
       ('Марина', 'marina52535455@example.com', 'letmein123456abcxyz', '72956789012'),
       ('Никита', 'nikita56575859@example.com', 'qwerty123abcxyz', '73067890123'),
       ('Александра', 'aleksandra60616263@example.com', 'myp@ssword789abcxyz', '73178901234'),
       ('Алексей', 'alexey64656667@example.com', 'securepass123abcxyz', '73290123456');

INSERT INTO Categories (category_name)
VALUES ('Холодильники'),
       ('Плиты и духовки'),
       ('Стиральные машины'),
       ('Посудомоечные машины'),
       ('Микроволновые печи'),
       ('Электрочайники и кофеварки'),
       ('Утюги и парогенераторы'),
       ('Пылесосы'),
       ('Климатическая техника'),
       ('Водонагреватели'),
       ('Мелкая кухонная техника'),
       ('Мультиварки и скороварки'),
       ('Кофемашины'),
       ('Тостеры и сэндвичницы'),
       ('Мясорубки и миксеры для мяса'),
       ('Фильтры и пылесборники'),
       ('Аксессуары для пылесосов'),
       ('Кондиционеры и вентиляторы'),
       ('Обогреватели и радиаторы'),
       ('Очистители воздуха и увлажнители'),
       ('Системы умного дома'),
       ('Встраиваемая бытовая техника'),
       ('Аксессуары для кухонной техники'),
       ('Уход за одеждой и обувью'),
       ('Уход за волосами'),
       ('Уход за телом и зубами'),
       ('Массажеры и тренажеры'),
       ('Электронные весы и измерители'),
       ('Электробритвы и триммеры');

INSERT INTO Products (product_name, product_model, product_description, product_price, category_name, category_id)
VALUES ('Холодильник "Атлант"', 'ATL-123',
        'Холодильник "Атлант" с объемом камеры 300 литров и энергопотреблением класса A+', 25000.00, 'Холодильники', 1),
       ('Духовка с электрической плитой "Electrolux"', 'ELE-456',
        'Духовка с электрической плитой от "Electrolux" с функцией конвекции', 35000.00, 'Плиты и духовки', 2),
       ('Стиральная машина "Bosch"', 'BOS-789',
        'Стиральная машина "Bosch" с загрузкой 7 кг и функцией защиты от протечек', 30000.00, 'Стиральные машины', 3),
       ('Посудомоечная машина "Siemens"', 'SIE-101',
        'Посудомоечная машина "Siemens" с функцией сушки и возможностью установки встраиваемой панели', 40000.00,
        'Посудомоечные машины', 4),
       ('Микроволновая печь "LG"', 'LGM-202',
        'Микроволновая печь "LG" с объемом камеры 20 литров и функцией быстрого размораживания', 8000.00,
        'Микроволновые печи', 5),
       ('Электрочайник "Philips"', 'PHI-303',
        'Электрочайник "Philips" с объемом 1.7 литра и функцией автоматического отключения', 3000.00,
        'Электрочайники и кофеварки', 6),
       ('Утюг "Rowenta"', 'ROW-404', 'Утюг "Rowenta" с паровым ударом и системой защиты от накипи', 2000.00,
        'Утюги и парогенераторы', 7),
       ('Пылесос "Samsung"', 'SAM-505', 'Пылесос "Samsung" с мощностью 2000 Вт и фильтром HEPA', 7000.00, 'Пылесосы',
        8),
       ('Кондиционер "Panasonic"', 'PAN-606',
        'Кондиционер "Panasonic" с мощностью 9000 BTU и функцией автоматического режима', 40000.00,
        'Климатическая техника', 9),
       ('Водонагреватель "Ariston"', 'ARI-707',
        'Водонагреватель "Ariston" с объемом бака 50 литров и технологией быстрого нагрева воды', 12000.00,
        'Водонагреватели', 10),
       ('Блендер "Moulinex"', 'MOU-808', 'Блендер "Moulinex" с мощностью 1000 Вт и 6 скоростными режимами', 5000.00,
        'Мелкая кухонная техника', 11),
       ('Мультиварка "Redmond"', 'RED-909',
        'Мультиварка "Redmond" с объемом чаши 5 литров и 16 программами приготовления', 6000.00,
        'Мультиварки и скороварки', 12),
       ('Кофемашина "DeLonghi"', 'DEL-010',
        'Кофемашина "DeLonghi" с автоматической системой капучинатора и программой автоматического отключения',
        25000.00, 'Кофемашины', 13),
       ('Тостер "Braun"', 'BRA-020', 'Тостер "Braun" с функцией размораживания и регулировкой степени прожарки',
        3000.00, 'Тостеры и сэндвичницы', 14),
       ('Мясорубка "Bosch"', 'BOS-030',
        'Мясорубка "Bosch" с мощностью 1500 Вт и функцией насадок для различных типов мяса', 7000.00,
        'Мясорубки и миксеры для мяса', 15),
       ('Фильтр для пылесоса "Philips"', 'PHI-040',
        'Фильтр для пылесоса "Philips" с технологией защиты от мелкой пыли и аллергенов', 1000.00,
        'Фильтры и пылесборники', 16),
       ('Аксессуары для пылесоса "Karcher"', 'KAR-050',
        'Аксессуары для пылесоса "Karcher" включающие насадки для мебели и углов', 2000.00, 'Аксессуары для пылесосов',
        17),
       ('Кондиционер настенный "Mitsubishi Electric"', 'MIT-060',
        'Кондиционер настенный "Mitsubishi Electric" с функцией энергосбережения и бесшумной работой', 60000.00,
        'Кондиционеры и вентиляторы', 18),
       ('Обогреватель керамический "Timberk"', 'TIM-070',
        'Обогреватель керамический "Timberk" с функцией поддержания температуры и защитой от перегрева', 5000.00,
        'Обогреватели и радиаторы', 19),
       ('Очиститель воздуха "Dyson"', 'DYS-080',
        'Очиститель воздуха "Dyson" с технологией циклонического очищения и автоматическим режимом работы', 30000.00,
        'Очистители воздуха и увлажнители', 20),
       ('Система умного дома "Google Nest"', 'NES-090',
        'Система умного дома "Google Nest" включающая в себя умный динамик и видеокамеру', 25000.00,
        'Системы умного дома', 21),
       ('Встраиваемая микроволновая печь "Whirlpool"', 'WHI-100',
        'Встраиваемая микроволновая печь "Whirlpool" с функцией гриля и таймером', 15000.00,
        'Встраиваемая бытовая техника', 22),
       ('Насадка для блендера "Bosch"', 'BOS-110', 'Насадка для блендера "Bosch" с функцией измельчения льда и орехов',
        2000.00, 'Аксессуары для кухонной техники', 23),
       ('Утюг паровой "Tefal"', 'TEF-120',
        'Утюг паровой "Tefal" с системой увеличенного пара и автоматическим отключением', 3000.00,
        'Уход за одеждой и обувью', 24),
       ('Фен для волос "Remington"', 'REM-130', 'Фен для волос "Remington" с ионизатором и 3 скоростными режимами',
        2000.00, 'Уход за волосами', 25),
       ('Электрическая зубная щетка "Oral-B"', 'ORA-140',
        'Электрическая зубная щетка "Oral-B" с 3 режимами чистки и индикатором заряда', 4000.00,
        'Уход за телом и зубами', 26),
       ('Массажер для шеи и спины "Beurer"', 'BEU-150', 'Массажер для шеи и спины "Beurer" с 3D-массажем и подогревом',
        7000.00, 'Массажеры и тренажеры', 27),
       ('Электронные весы "Xiaomi"', 'XIA-160',
        'Электронные весы "Xiaomi" с подключением к приложению и анализом состава тела', 3000.00,
        'Электронные весы и измерители', 28),
       ('Триммер для бороды "Philips"', 'PHI-170',
        'Триммер для бороды "Philips" с регулировкой длины и наконечником для детальной стрижки', 2500.00,
        'Электробритвы и триммеры', 29),
       ('Кофемолка "Krups"', 'KRU-180', 'Кофемолка "Krups" с мощностью 200 Вт и регулируемой степенью помола', 4000.00,
        'Мелкая кухонная техника', 11),
       ('Морозильная камера "Beko"', 'BEK-001',
        'Морозильная камера "Beko" с объемом 200 литров и технологией низкого энергопотребления', 20000.00,
        'Холодильники', 1),
       ('Газовая плита "Gorenje"', 'GOR-002',
        'Газовая плита "Gorenje" с электроподжигом и функцией защиты от утечки газа', 30000.00, 'Плиты и духовки', 2),
       ('Сушильная машина "LG"', 'LGS-003', 'Сушильная машина "LG" с объемом барабана 7 кг и 10 программами сушки',
        35000.00, 'Стиральные машины', 3),
       ('Компактный посудомоечный аппарат "Bosch"', 'BOC-004',
        'Компактный посудомоечный аппарат "Bosch" с 6 программами мытья и технологией "AquaStop"', 25000.00,
        'Посудомоечные машины', 4),
       ('Микроволновка с грилем "Samsung"', 'SAM-005', 'Микроволновка с грилем "Samsung" и объемом камеры 25 литров',
        10000.00, 'Микроволновые печи', 5),
       ('Электрический чайник "Braun"', 'BRA-006',
        'Электрический чайник "Braun" с функцией поддержания температуры и защитой от перегрева', 4000.00,
        'Электрочайники и кофеварки', 6),
       ('Парогенератор "Tefal"', 'TEF-007', 'Парогенератор "Tefal" с большим резервуаром для воды и подвесным утюгом',
        15000.00, 'Утюги и парогенераторы', 7),
       ('Пылесос-робот "iRobot"', 'IRO-008', 'Пылесос-робот "iRobot" с технологией навигации и автоматической зарядкой',
        30000.00, 'Пылесосы', 8),
       ('Переносной кондиционер "Haier"', 'HAI-009',
        'Переносной кондиционер "Haier" с мощностью 9000 BTU и возможностью установки на колеса', 35000.00,
        'Климатическая техника', 9),
       ('Бойлер "Atlantic"', 'ATL-010', 'Бойлер "Atlantic" с мощностью 2000 Вт и объемом накопительного бака 80 литров',
        15000.00, 'Водонагреватели', 10),
       ('Соковыжималка "Bosch"', 'BOS-011',
        'Соковыжималка "Bosch" с мощностью 1000 Вт и возможностью изготовления сока из цельных фруктов', 6000.00,
        'Мелкая кухонная техника', 11),
       ('Блендер-погружной "Vitek"', 'VIT-012',
        'Блендер-погружной "Vitek" с двумя насадками и функцией измельчения льда', 3000.00, 'Мелкая кухонная техника',
        11),
       ('Мультиварка "Moulinex"', 'MOU-013', 'Мультиварка "Moulinex" с объемом 6 литров и функцией поддержания тепла',
        8000.00, 'Мультиварки и скороварки', 12),
       ('Кофемолка-блендер "Scarlett"', 'SCA-014',
        'Кофемолка-блендер "Scarlett" с 2 скоростными режимами и 4 насадками', 4000.00, 'Мелкая кухонная техника', 11),
       ('Автоматическая кофемашина "Saeco"', 'SAE-015',
        'Автоматическая кофемашина "Saeco" с функцией самоочистки и поддержанием температуры кофе', 60000.00,
        'Кофемашины', 13),
       ('Тостер-гриль "Braun"', 'BRA-016',
        'Тостер-гриль "Braun" с возможностью приготовления панини и регулировкой степени обжарки', 5000.00,
        'Тостеры и сэндвичницы', 14),
       ('Мясорубка "Moulinex"', 'MOU-017',
        'Мясорубка "Moulinex" с реверсивной функцией и насадками для изготовления колбасы', 7000.00,
        'Мясорубки и миксеры для мяса', 15),
       ('Фильтр для пылесоса "Karcher"', 'KAR-018',
        'Фильтр для пылесоса "Karcher" с технологией защиты от аллерергенов и микрочастиц', 1000.00,
        'Фильтры и пылесборники', 16),
       ('Насадка для пылесоса "Electrolux"', 'ELE-019',
        'Насадка для пылесоса "Electrolux" с турбощеткой и насадкой для мебели', 1500.00, 'Аксессуары для пылесосов',
        17),
       ('Мобильный кондиционер "Ballu"', 'BAL-020',
        'Мобильный кондиционер "Ballu" с функцией вентиляции и таймером включения', 40000.00,
        'Кондиционеры и вентиляторы', 18),
       ('Масляный радиатор "Zanussi"', 'ZAN-021',
        'Масляный радиатор "Zanussi" с 9 режимами мощности и колесами для удобства перемещения', 8000.00,
        'Обогреватели и радиаторы', 19),
       ('Очиститель воздуха с ионизатором "Philips"', 'PHI-022',
        'Очиститель воздуха с ионизатором "Philips" и функцией автоматической очистки воздуха', 25000.00,
        'Очистители воздуха и увлажнители', 20),
       ('Умная система управления освещением "TP-Link"', 'TPL-023',
        'Умная система управления освещением "TP-Link" с возможностью управления через смартфон', 5000.00,
        'Системы умного дома', 21),
       ('Варочная панель индукционная "Bosch"', 'BOS-024',
        'Варочная панель индукционная "Bosch" с 4 зонами нагрева и функцией детекции посуды', 30000.00,
        'Встраиваемая бытовая техника', 22),
       ('Насадка для кухонного комбайна "Kenwood"', 'KEN-025',
        'Насадка для кухонного комбайна "Kenwood" с 5 насадками для измельчения и нарезки', 6000.00,
        'Аксессуары для кухонной техники', 23),
       ('Паровая станция "Philips"', 'PHI-026',
        'Паровая станция "Philips" с непрерывной подачей пара и функцией автоматического отключения', 35000.00,
        'Уход за одеждой и обувью', 24),
       ('Фен с ионизацией "Rowenta"', 'ROW-027', 'Фен с ионизацией "Rowenta" и насадкой для сглаживания волос', 4000.00,
        'Уход за волосами', 25),
       ('Электрическая зубная щетка "Panasonic"', 'PAN-028',
        'Электрическая зубная щетка "Panasonic" с функцией вибрации и индикатором времени чистки', 5000.00,
        'Уход за телом и зубами', 26),
       ('Массажер для ног "Beurer"', 'BEU-029',
        'Массажер для ног "Beurer" с функцией подогрева и 3 режимами интенсивности', 7000.00, 'Массажеры и тренажеры',
        27),
       ('Электронные напольные весы "Redmond"', 'RED-030',
        'Электронные напольные весы "Redmond" с дисплеем и автоматическим выключением', 3000.00,
        'Электронные весы и измерители', 28),
       ('Триммер для бороды и усов "Philips"', 'PHI-031',
        'Триммер для бороды и усов "Philips" с насадками и регулировкой длины', 2500.00, 'Электробритвы и триммеры',
        29),
       ('Кофемолка ручная "Hario"', 'HAR-032', 'Кофемолка ручная "Hario" из нержавеющей стали и керамики', 3000.00,
        'Мелкая кухонная техника', 11),
       ('Холодильник "Снеж"', 'SNZ-033', 'Холодильник "Снеж" с системой "No Frost" и функцией экономии энергии',
        35000.00, 'Холодильники', 1),
       ('Духовка "MasterCook"', 'MAS-034', 'Духовка "MasterCook" с функцией конвекции и таймером', 25000.00,
        'Плиты и духовки', 2),
       ('Стиральная машина "Zanussi"', 'ZAN-035',
        'Стиральная машина "Zanussi" с загрузкой 8 кг и функцией быстрой стирки', 28000.00, 'Стиральные машины', 3),
       ('Посудомоечная машина "LG"', 'LGD-036',
        'Посудомоечная машина "LG" с технологией "Smart Diagnosis" и 10 программами мытья', 40000.00,
        'Посудомоечные машины', 4),
       ('Микроволновая печь "Panasonic"', 'PAN-037',
        'Микроволновая печь "Panasonic" с инверторным нагревом и функцией размораживания', 12000.00,
        'Микроволновые печи', 5),
       ('Электрический чайник "Kenwood"', 'KEN-038',
        'Электрический чайник "Kenwood" с автоматическим отключением и защитой от перегрева', 5000.00,
        'Электрочайники и кофеварки', 6),
       ('Утюг "Bosch"', 'BOS-039', 'Утюг "Bosch" с функцией антипригарного покрытия и системой защиты от капель',
        3000.00, 'Утюги и парогенераторы', 7),
       ('Пылесос "Philips"', 'PHI-040', 'Пылесос "Philips" с технологией "PowerCyclone" и HEPA-фильтром', 6000.00,
        'Пылесосы', 8),
       ('Кондиционер "Daikin"', 'DAI-041',
        'Кондиционер "Daikin" с функцией интеллектуальной очистки воздуха и управлением через Wi-Fi', 70000.00,
        'Климатическая техника', 9),
       ('Бойлер "Stiebel Eltron"', 'STI-042',
        'Бойлер "Stiebel Eltron" с электронным регулированием температуры и защитой от перегрева', 18000.00,
        'Водонагреватели', 10),
       ('Блендер "Scarlett"', 'SCA-043', 'Блендер "Scarlett" с 10 скоростными режимами и функцией измельчения льда',
        3500.00, 'Мелкая кухонная техника', 11),
       ('Мультиварка "Tefal"', 'TEF-044',
        'Мультиварка "Tefal" с 25 программами приготовления и функцией поддержания тепла', 10000.00,
        'Мультиварки и скороварки', 12),
       ('Кофемашина "Krups"', 'KRU-045',
        'Кофемашина "Krups" с автоматическим молочным капучинатором и регулировкой степени помола', 45000.00,
        'Кофемашины', 13),
       ('Тостер "Braun"', 'BRA-046', 'Тостер "Braun" с функцией размораживания и 7 режимами обжарки', 5000.00,
        'Тостеры и сэндвичницы', 14),
       ('Мясорубка "Vitek"', 'VIT-047', 'Мясорубка "Vitek" с мощностью 800 Вт и 3 насадками для измельчения', 7000.00,
        'Мясорубки и миксеры для мяса', 15),
       ('Фильтр-пылесборник "Samsung"', 'SAM-048',
        'Фильтр-пылесборник "Samsung" с технологией фильтрации "Cyclone Force"', 1500.00, 'Фильтры и пылесборники', 16),
       ('Насадка для пылесоса "Miele"', 'MIE-049',
        'Насадка для пылесоса "Miele" с электрощеткой и насадкой для уборки мебели', 2000.00,
        'Аксессуары для пылесосов', 17),
       ('Вентилятор напольный "Rowenta"', 'ROW-050',
        'Вентилятор напольный "Rowenta" с 3 скоростями и возможностью наклона', 8000.00, 'Кондиционеры и вентиляторы',
        18),
       ('Керамический радиатор "Supra"', 'SUP-051',
        'Керамический радиатор "Supra" с 3 уровнями нагрева и автоматическим отключением', 10000.00,
        'Обогреватели и радиаторы', 19),
       ('Освежитель воздуха "Air Wick"', 'AIR-052',
        'Освежитель воздуха "Air Wick" с технологией нейтрализации запахов и регулируемой интенсивностью', 700.00,
        'Очистители воздуха и увлажнители', 20),
       ('Умная система управления освещением "Philips Hue"', 'PHU-053',
        'Умная система управления освещением "Philips Hue" с поддержкой голосового управления и регулировкой цвета',
        15000.00, 'Системы умного дома', 21),
       ('Встраиваемая духовка "Siemens"', 'SIE-054', 'Встраиваемая духовка "Siemens" с функцией пароварки и таймером',
        35000.00, 'Встраиваемая бытовая техника', 22),
       ('Наушник для кухонного комбайна "Kenwood"', 'KEN-055',
        'Наушник для кухонного комбайна "Kenwood" с 6 насадками для измельчения и мешалкой', 4500.00,
        'Аксессуары для кухонной техники', 23),
       ('Паровая машина для одежды "SteamOne"', 'STE-056',
        'Паровая машина для одежды "SteamOne" с вертикальным отпариванием и большим резервуаром для воды', 20000.00,
        'Уход за одеждой и обувью', 24),
       ('Электрическая зубная щетка "Colgate"', 'COL-058',
        'Электрическая зубная щетка "Colgate" с 3 режимами чистки и индикатором заряда', 2500.00,
        'Уход за телом и зубами', 26),
       ('Массажная накидка для спины "Beurer"', 'BEU-059',
        'Массажная накидка для спины "Beurer" с 4 массажными зонами и подогревом', 8000.00, 'Массажеры и тренажеры',
        27),
       ('Электронные кухонные весы "Redmond"', 'RED-060',
        'Электронные кухонные весы "Redmond" с функцией тарировки и автоматическим выключением', 3500.00,
        'Электронные весы и измерители', 28),
       ('Триммер для носа и ушей "Braun"', 'BRA-061',
        'Триммер для носа и ушей "Braun" с защитной системой и наконечником-расческой', 2000.00,
        'Электробритвы и триммеры', 29),
       ('Кофемолка "DeLonghi"', 'DEL-062',
        'Кофемолка "DeLonghi" с функцией выбора степени помола и резервуаром для зерен', 7000.00,
        'Мелкая кухонная техника', 11),
       ('Соковыжималка-цитрусовыжималка "Bosch"', 'BOS-063',
        'Соковыжималка-цитрусовыжималка "Bosch" с двумя насадками для соков и цитрусов и функцией автоматического отжима',
        4000.00, 'Мелкая кухонная техника', 11),
       ('Мясорубка электрическая "Philips"', 'PHI-064',
        'Мясорубка электрическая "Philips" с функцией реверса и насадками для колбасы', 9000.00,
        'Мясорубки и миксеры для мяса', 15),
       ('Фильтр для пылесоса "Rowenta"', 'ROW-065',
        'Фильтр для пылесоса "Rowenta" с технологией "Cyclonic" и улучшенной фильтрацией', 2000.00,
        'Фильтры и пылесборники', 16),
       ('Щетка-насадка для пылесоса "Electrolux"', 'ELE-066',
        'Щетка-насадка для пылесоса "Electrolux" с регулируемой высотой и щетинами-пылесборниками', 3000.00,
        'Аксессуары для пылесосов', 17),
       ('Вентилятор напольный "Supra"', 'SUP-067', 'Вентилятор напольный "Supra" с таймером и 5 режимами скорости',
        7000.00, 'Кондиционеры и вентиляторы', 18),
       ('Масляный обогреватель "Polaris"', 'POL-068',
        'Масляный обогреватель "Polaris" с регулируемым термостатом и защитой от перегрева', 6000.00,
        'Обогреватели и радиаторы', 19),
       ('Очиститель воздуха "Sharp"', 'SHA-069',
        'Очиститель воздуха "Sharp" с плазменным кластерным ионизатором и датчиком качества воздуха', 25000.00,
        'Очистители воздуха и увлажнители', 20),
       ('Умный датчик движения "Xiaomi"', 'XIA-070',
        'Умный датчик движения "Xiaomi" с поддержкой работы через приложение и отправкой уведомлений', 1500.00,
        'Системы умного дома', 21),
       ('Встраиваемая микроволновая печь "Siemens"', 'SIE-071',
        'Встраиваемая микроволновая печь "Siemens" с технологией "Innowave" и 5 режимами нагрева', 25000.00,
        'Встраиваемая бытовая техника', 22),
       ('Нож для кухонного комбайна "Braun"', 'BRA-072',
        'Нож для кухонного комбайна "Braun" с 6 лезвиями из нержавеющей стали', 3500.00,
        'Аксессуары для кухонной техники', 23),
       ('Паровая швабра "Bissell"', 'BIS-073',
        'Паровая швабра "Bissell" с резервуаром для воды и насадками для чистки ковров и плитки', 8000.00,
        'Уход за одеждой и обувью', 24);

INSERT INTO ProductReviews (user_id, product_id, review_text, review_rating, review_date)
VALUES (15, 1, 'Холодильник работает отлично, но инструкция не очень понятная', 4.5, '2023-07-12'),
       (42, 2, 'Духовка нагревается очень быстро, удобно пользоваться', 5.0, '2023-09-28'),
       (77, 3, 'Стиральная машина Bosch поломалась через месяц использования', 2.5, '2023-11-05'),
       (56, 4, 'Посудомоечная машина Siemens отлично моет посуду, но долго сушит', 4.0, '2023-04-19'),
       (29, 5, 'Микроволновая печь LG выглядит стильно, но слабо нагревает', 3.0, '2023-10-07'),
       (88, 6, 'Электрочайник Philips надежный и удобный в использовании', 4.5, '2023-08-15'),
       (10, 7, 'Утюг Rowenta не гладит хорошо, много замятых мест', 2.0, '2023-06-25'),
       (64, 8, 'Пылесос Samsung имеет мощный всасывающий мотор, но тяжеловат', 4.0, '2023-03-11'),
       (51, 9, 'Кондиционер Panasonic хорошо охлаждает воздух, но громко работает', 3.5, '2023-05-30'),
       (22, 10, 'Водонагреватель Ariston быстро нагревает воду, но греется корпус', 3.0, '2023-02-17'),
       (73, 11, 'Блендер Moulinex качественный, но долго измельчает продукты', 4.0, '2023-11-03'),
       (85, 12, 'Мультиварка Redmond удобная в использовании, много функций', 4.5, '2023-09-20'),
       (8, 13, 'Кофемашина DeLonghi выглядит стильно, но долго греется', 3.5, '2023-07-08'),
       (95, 14, 'Тостер Braun равномерно поджаривает хлеб, но громко работает', 3.0, '2023-04-26'),
       (34, 15, 'Мясорубка Bosch надежная, но сложно моется', 4.0, '2023-10-14'),
       (69, 16, 'Фильтр для пылесоса Philips эффективно задерживает пыль', 4.5, '2023-08-02'),
       (45, 17, 'Аксессуары для пылесоса Karcher качественные, но дорогие', 4.0, '2023-05-21'),
       (19, 18, 'Кондиционер настенный Mitsubishi Electric тихий и мощный', 5.0, '2023-01-09'),
       (79, 19, 'Обогреватель керамический Timberk быстро нагревает помещение', 4.5, '2023-11-27'),
       (36, 20, 'Очиститель воздуха Dyson эффективно очищает воздух', 5.0, '2023-06-05'),
       (67, 21, 'Система умного дома Google Nest удобная в управлении', 4.0, '2023-03-24'),
       (21, 22, 'Встраиваемая микроволновая печь Whirlpool надежная, но маленькая', 3.5, '2023-10-11'),
       (54, 23, 'Насадка для блендера Bosch качественная, но дорогая', 4.0, '2023-08-19'),
       (81, 24, 'Утюг паровой Tefal удобный в использовании, но быстро пачкается', 3.5, '2023-05-06'),
       (40, 25, 'Фен для волос Remington мощный, но тяжелый', 4.0, '2023-01-25'),
       (12, 26, 'Электрическая зубная щетка Oral-B хорошо чистит зубы', 4.5, '2023-09-12'),
       (61, 27, 'Массажер для шеи и спины Beurer расслабляет, но громковат', 4.0, '2023-06-30'),
       (97, 28, 'Электронные весы Xiaomi точные, но неудобно хранить', 3.5, '2023-04-17'),
       (27, 29, 'Триммер для бороды Philips качественный, но батарея быстро разряжается', 3.0, '2023-11-01'),
       (70, 30, 'Кофемолка Krup эффективно измельчает кофе, но шумная', 3.5, '2023-08-08');
