INSERT INTO Users (user_name, user_email, user_password, user_mobile_number)
VALUES ('Иван Петров', 'ivan@example.com', 'ivanpass', '79123456789'),
       ('Мария Иванова', 'maria@example.com', 'mariapass', '79111111111'),
       ('Алексей Смирнов', 'alex@example.com', 'alexpass', '79222222222'),
       ('Елена Сидорова', 'elena@example.com', 'elenapass', '79333333333'),
       ('Петр Кузнецов', 'petr@example.com', 'petrpass', '79444444444'),
       ('Анна Васильева', 'anna@example.com', 'annapass', '79555555555'),
       ('Сергей Морозов', 'sergey@example.com', 'sergeypass', '79666666666'),
       ('Ольга Новикова', 'olga@example.com', 'olgapass', '79777777777'),
       ('Дмитрий Федоров', 'dmitry@example.com', 'dmitrypass', '79888888888'),
       ('Татьяна Смирнова', 'tatyana@example.com', 'tatyanapass', '79999999999'),
       ('Александра Козлова', 'alexandra@example.com', 'alexandrapass', '79012345678'),
       ('Денис Иванов', 'denis@example.com', 'denispass', '79987654321'),
       ('Евгения Соколова', 'evgenia@example.com', 'evgeniapass', '79011112233'),
       ('Владимир Попов', 'vladimir@example.com', 'vladimirpass', '79044445555'),
       ('Наталья Кузьмина', 'natalia@example.com', 'nataliapass', '79123456780'),
       ('Артем Семенов', 'artem@example.com', 'artempass', '79234567890'),
       ('Екатерина Ильина', 'ekaterina@example.com', 'ekaterinapass', '79345678901'),
       ('Максим Григорьев', 'maxim@example.com', 'maximpass', '79456789012'),
       ('Светлана Лебедева', 'svetlana@example.com', 'svetlanapass', '79567890123'),
       ('Павел Карпов', 'pavel@example.com', 'pavelpass', '79678901234'),
       ('Андрей Николаев', 'andrey312@example.com', 'andreypass', '79876543210'),
       ('Ольга Иванова', 'olga2123@example.com', 'olga2pass', '79901234567'),
       ('Игорь Попов', 'igor53@example.com', 'igorpass', '79765432109'),
       ('Елена Лебедева', 'elena2df@example.com', 'elena2pass', '79654321098'),
       ('Алексей Козлов', 'alexey24@example.com', 'alexeypass', '79543210987'),
       ('Татьяна Семенова', 'tatyana2gd@example.com', 'tatyana2pass', '79432109876'),
       ('Дмитрий Петров', 'dmitry245x@example.com', 'dmitry2pass', '79321098765'),
       ('Марина Соколова', 'marinasdf3@example.com', 'marinapass', '79210987654'),
       ('Сергей Иванов', 'sergey23dsa@example.com', 'sergey2pass', '79109876543'),
       ('Анна Павлова', 'anna2234d@example.com', 'annapass', '79098765432'),
       ('Павел Федоров', 'pavel2sdf3@example.com', 'pavelpass', '79987654320'),
       ('Екатерина Попова', 'ekaterina423fds3@example.com', 'ekaterinapass', '79876543201'),
       ('Владислав Смирнов', 'vladislavsdf3@example.com', 'vladislavpass', '79765432098'),
       ('Надежда Кузнецова', 'nadezhda23d@example.com', 'nadezhdapass', '79654320987'),
       ('Ирина Морозова', 'irina223@example.com', 'irina2pass', '79543209876'),
       ('Григорий Новиков', 'grigorydgd@example.com', 'grigorypass', '79432198765'),
       ('Маргарита Васильева', 'margarita43@example.com', 'margaritapass', '79321098764'),
       ('Валентина Кузнецова', 'valentinafdg6@example.com', 'valentinapass', '79210987653'),
       ('Артемий Семенов', 'artemiy34f@example.com', 'artemiypass', '79109876542'),
       ('Дарья Федорова', 'daryad43@example.com', 'daryapass', '79098765431'),
       ('Елена Козлова', 'elena_kozlova@example.com', 'elenakozlova123', '79999999998'),
       ('Андрей Попов', 'andrey_popov@example.com', 'andrey123', '79012345679'),
       ('Ольга Смирнова', 'olga_smirnova@example.com', 'olga123', '79888888887'),
       ('Игорь Новиков', 'igor_novikov@example.com', 'igor123', '79123456781'),
       ('Виктория Соколова', 'viktoria_sokolova@example.com', 'viktoria123', '79234567891'),
       ('Сергей Васильев', 'sergey_vasiliev@example.com', 'sergey123', '79345678902'),
       ('Анна Петрова', 'anna_petrova@example.com', 'anna123', '79456789013'),
       ('Максим Сидоров', 'maxim_sidorov@example.com', 'maxim123', '79567890124'),
       ('Екатерина Кузьмина', 'ekaterina_kuzmina@example.com', 'ekaterina123', '79678901235'),
       ('Алексей Морозов', 'alexey_morozov@example.com', 'alexey123', '79789012345'),
       ('Ирина Иванова', 'irina_ivanova@example.com', 'irina123', '79890123456'),
       ('Николай Попов', 'nikolay_popov@example.com', 'nikolay123', '79901234367'),
       ('Мария Карпова', 'maria_karpova@example.com', 'maria123', '79011111112'),
       ('Денис Семенов', 'denis_semenov@example.com', 'denis123', '79122222223'),
       ('Татьяна Ильина', 'tatyana_ilina@example.com', 'tatyana123', '79233333334'),
       ('Павел Григорьев', 'pavel_grigoryev@example.com', 'pavel123', '79344444445'),
       ('Ангелина Лебедева', 'angelina_lebedeva@example.com', 'angelina123', '79455555556'),
       ('Григорий Карпов', 'grigory_karpov@example.com', 'grigory123', '79566666667'),
       ('София Семенова', 'sofia_semenova@example.com', 'sofia123', '79677777778'),
       ('Артемьев Алексеев', 'artemiy_alexeev@example.com', 'artemiy123', '79788888889'),
       ('Валентина Дмитриева', 'valentina_dmitrieva@example.com', 'valentina123', '79899999990'),
       ('Георгий Петров', 'georgiy_petrov@example.com', 'georgiy123', '79000000001'),
       ('Марина Федорова', 'marina_fedorova@example.com', 'marina123', '79111111112'),
       ('Владислава Смирнова', 'vladislava_smirnova@example.com', 'vladislava123', '79222222223'),
       ('Юрий Иванов', 'yuriy_ivanov@example.com', 'yuriy123', '79333333334'),
       ('Светлана Новикова', 'svetlana_novikova@example.com', 'svetlana123', '79444444445'),
       ('Олег Васильев', 'oleg_vasiliev@example.com', 'oleg123', '79555555556'),
       ('Маргарита Петрова', 'margarita_petrova@example.com', 'margarita123', '79666666667'),
       ('Артур Сидоров', 'artur_sidorov@example.com', 'artur123', '79777777778'),
       ('Нина Коваленко', 'nina@example.com', 'ninapass', '79987654322');

INSERT INTO Categories (category_name)
VALUES ('Холодильники'),
       ('Плиты и духовые шкафы'),
       ('Стиральные машины'),
       ('Микроволновые печи'),
       ('Пылесосы'),
       ('Кофеварки и чайники'),
       ('Утюги'),
       ('Миксеры и блендеры'),
       ('Тостеры и сэндвичницы'),
       ('Электрические чайники'),
       ('Посудомоечные машины'),
       ('Электрические плиты'),
       ('Климатическая техника'),
       ('Мелкая кухонная техника'),
       ('Аксессуары для уборки'),
       ('Блендеры и миксеры для кухни'),
       ('Утюги и гладильные системы'),
       ('Кофемашины'),
       ('Кухонные весы и таймеры'),
       ('Кухонные комбайны и мультиварки');

INSERT INTO Products (product_name, product_model, product_description, product_price, category_name, category_id)
VALUES ('Холодильник Samsung', 'RS54HDRPBSR',
        'Холодильник с функцией нулевой зоны и автоматическим приготовлением кофе', 45000.00, 'Холодильники', 1),
       ('Плита Bosch', 'HGI8056UC', 'Газовая плита с функцией конвекции и 5 конфорками', 35000.00,
        'Плиты и духовые шкафы', 2),
       ('Стиральная машина LG', 'WM3900HWA',
        'Стиральная машина с технологией TurboWash и возможностью подключения к Wi-Fi', 40000.00, 'Стиральные машины',
        3),
       ('Микроволновая печь Panasonic', 'NN-SN966SR', 'Микроволновка с инверторным нагревом и сенсорным управлением',
        15000.00, 'Микроволновые печи', 4),
       ('Пылесос Dyson', 'V11 Torque Drive', 'Пылесос с технологией цифрового мотора и мощным аккумулятором', 60000.00,
        'Пылесосы', 5),
       ('Кофеварка DeLonghi', 'EC155', 'Кофеварка с капучинатором и системой самоочистки', 8000.00,
        'Кофеварки и чайники', 6),
       ('Утюг Tefal', 'FV4070', 'Паровой утюг с функцией антипригарного покрытия и автоматическим отключением', 5000.00,
        'Утюги', 7),
       ('Миксер KitchenAid', 'KHM926CU', 'Миксер с 9 скоростями и многофункциональными насадками', 10000.00,
        'Миксеры и блендеры', 8),
       ('Тостер Breville', 'BTA820XL', 'Тостер с функцией поднятия и отключения, а также настройкой степени прожарки',
        7000.00, 'Тостеры и сэндвичницы', 9),
       ('Чайник Bosch', 'TWK7601', 'Электрический чайник с защитой от перегрева и автоматическим отключением', 4000.00,
        'Электрические чайники', 10),
       ('Посудомоечная машина Siemens', 'SN236I01KE',
        'Посудомоечная машина с интенсивной зоной и функцией автозагрузки', 55000.00, 'Посудомоечные машины', 11),
       ('Электрическая плита Electrolux', 'EKC52550OW',
        'Электрическая плита с пиролитической очисткой и индукционной варочной поверхностью', 40000.00,
        'Электрические плиты', 12),
       ('Кондиционер Mitsubishi', 'MSZ-LN35VG', 'Сплит-система с инверторным компрессором и функцией автоочистки',
        60000.00, 'Климатическая техника', 13),
       ('Тостер Philips', 'HD2628/20', 'Тостер с функцией размораживания и настройкой степени прожарки', 6000.00,
        'Мелкая кухонная техника', 14),
       ('Мешки для пылесоса Karcher', '6.959-130.0', 'Универсальные мешки для пылесосов Karcher, 5 штук в упаковке',
        1000.00, 'Аксессуары для уборки', 15),
       ('Блендер Bosch', 'MSM67160', 'Погружной блендер с 12 скоростями и насадкой для взбивания', 7000.00,
        'Блендеры и миксеры для кухни', 16),
       ('Утюг Philips', 'GC4909/60', 'Паровой утюг с функцией защиты от накипи и автоматическим отключением', 4500.00,
        'Утюги и гладильные системы', 17),
       ('Кофемашина Saeco', 'SM7686/00',
        'Автоматическая кофемашина с функцией приготовления капучино и автоматической очисткой', 65000.00, 'Кофемашины',
        18),
       ('Кухонные весы Redmond', 'KS-R208S',
        'Электронные кухонные весы с функцией автоматического выключения и точностью взвешивания 1 грамм', 2000.00,
        'Кухонные весы и таймеры', 19),
       ('Мультиварка Moulinex', 'MK708830', 'Мультиварка с 45 программами приготовления и функцией поддержания тепла',
        8000.00, 'Кухонные комбайны и мультиварки', 20),
       ('Холодильник LG', 'GC-B247KQDV', 'Холодильник с функцией свежести и линейкой дисплея', 55000.00, 'Холодильники',
        1),
       ('Электрическая плита Bosch', 'HEI8054U', 'Электрическая плита с системой самоочистки и электронным управлением',
        42000.00, 'Плиты и духовые шкафы', 2),
       ('Стиральная машина Samsung', 'WW90J5456FW',
        'Стиральная машина с технологией EcoBubble и системой контроля за уровнем воды', 38000.00, 'Стиральные машины',
        3),
       ('Микроволновая печь Whirlpool', 'WMC30516HZ',
        'Микроволновая печь с функцией защиты от детей и встроенным вентилятором', 18000.00, 'Микроволновые печи', 4),
       ('Пылесос Miele', 'Blizzard CX1', 'Беспроводной пылесос с функцией PowerLine и технологией Vortex', 65000.00,
        'Пылесосы', 5),
       ('Кофеварка Nespresso', 'ENV135B', 'Кофеварка с капсульной системой и функцией подготовки горячего молока',
        14000.00, 'Кофеварки и чайники', 6),
       ('Утюг Braun', 'TS775TP', 'Утюг с функцией автоматической отключки и системой защиты от накипи', 7500.00,
        'Утюги', 7),
       ('Блендер Vitamix', 'E310 Explorian', 'Блендер с мощным двигателем и функцией самоочистки контейнера', 32000.00,
        'Миксеры и блендеры', 8),
       ('Тостер Siemens', 'TT3A0103', 'Тостер с регулировкой температуры и автоматическим центрированием хлеба',
        9000.00, 'Тостеры и сэндвичницы', 9),
       ('Электрический чайник Philips', 'HD9305/21',
        'Электрический чайник с функцией быстрого кипячения и автоматической защитой от выключения', 5500.00,
        'Электрические чайники', 10),
       ('Посудомоечная машина Bosch', 'SMS50E92EU',
        'Посудомоечная машина с функцией VarioSpeed и специальной корзиной для столовых приборов', 46000.00,
        'Посудомоечные машины', 11),
       ('Электрическая плита Electrolux', 'EKC6670AOW',
        'Электрическая плита с функцией размораживания и многоуровневой гриль-программой', 49000.00,
        'Электрические плиты', 12),
       ('Кондиционер Haier', 'HSU-12TCS2CNB3B', 'Сплит-система с функцией самоочистки и режимом быстрой охлаждения',
        56000.00, 'Климатическая техника', 13),
       ('Мясорубка Moulinex', 'ME620131', 'Мясорубка с мощным двигателем и несколькими насадками для измельчения',
        8000.00, 'Мелкая кухонная техника', 14),
       ('Набор для уборки Leifheit', '51107', 'Набор для уборки с ведром и влажной тряпкой для пола', 3000.00,
        'Аксессуары для уборки', 15),
       ('Блендер KitchenAid', 'K400', 'Блендер с функцией самоочистки и интеллектуальной системой управления', 27000.00,
        'Блендеры и миксеры для кухни', 16),
       ('Утюг Rowenta', 'DW5080', 'Паровой утюг с функцией антикальцийного налета и интегрированным кабелем', 8800.00,
        'Утюги и гладильные системы', 17),
       ('Кофемашина DeLonghi', 'ECAM35020B', 'Автоматическая кофемашина с регулировкой степени помола и капучинатором',
        67000.00, 'Кофемашины', 18),
       ('Кухонные весы Xiaomi', 'Mi Smart Scale 2',
        'Электронные кухонные весы с подключением к смартфону и автоматическим определением продуктов', 4000.00,
        'Кухонные весы и таймеры', 19),
       ('Мультиварка Panasonic', 'SR-TMH18BTW',
        'Мультиварка с технологией приготовления утром и функцией поддержания тепла', 7500.00,
        'Кухонные комбайны и мультиварки', 20),
       ('Холодильник LG', 'GR-M762HSHU', 'Холодильник с функцией линейного компрессора и системой увлажнения', 55000.00, 'Холодильники', 1),
       ('Плита Electrolux', 'EI30EF45QS', 'Электрическая плита с функцией самоочищения и многоуровневой печью', 48000.00, 'Плиты и духовые шкафы', 2),
       ('Стиральная машина Samsung', 'WW90K6410QX', 'Стиральная машина с технологией EcoBubble и системой автоматического дозирования', 42000.00, 'Стиральные машины', 3),
       ('Микроволновая печь LG', 'LMC2075ST', 'Микроволновка с технологией Smart Inverter и функцией размораживания', 16000.00, 'Микроволновые печи', 4),
       ('Пылесос Xiaomi', 'Mi Robot Vacuum', 'Робот-пылесос с системой навигации Laser Distance Sensor и мощным аккумулятором', 55000.00, 'Пылесосы', 5),
       ('Кофеварка Nespresso', 'VertuoPlus Deluxe', 'Кофеварка с технологией Centrifusion и автоматическим распознаванием капсул', 10000.00, 'Кофеварки и чайники', 6),
       ('Утюг Braun', 'TS755', 'Паровой утюг с технологией Eloxal и системой защиты от капель', 6000.00, 'Утюги', 7),
       ('Миксер Braun', 'HM5130', 'Миксер с функцией SmartMix и системой поддержания скорости', 11000.00, 'Миксеры и блендеры', 8),
       ('Тостер Panasonic', 'NT-ZP1HXE', 'Тостер с технологией Even Toast и функцией размораживания', 9000.00, 'Тостеры и сэндвичницы', 9),
       ('Чайник Braun', 'WK600', 'Электрический чайник с функцией быстрого кипячения и автоматическим отключением', 4500.00, 'Электрические чайники', 10),
       ('Посудомоечная машина Beko', 'DFN28432X', 'Посудомоечная машина с функцией AquaIntense и системой полного засыпания', 56000.00, 'Посудомоечные машины', 11),
       ('Электрическая плита Whirlpool', 'WEE750H0HZ', 'Электрическая плита с функцией True Convection и плавной поверхностью', 43000.00, 'Электрические плиты', 12),
       ('Кондиционер Haier', 'HSU-12HT', 'Сплит-система с функцией зимнего режима и тихой работой', 54000.00, 'Климатическая техника', 13),
       ('Мелкая кухонная техника Xiaomi', 'Mi Electric Kettle', 'Электрический чайник с функцией поддержания температуры и индикатором температуры', 3500.00, 'Мелкая кухонная техника', 14),
       ('Аксессуары для уборки iRobot', 'Roomba Virtual Wall', 'Аксессуар для робота-пылесоса, ограничивающий доступ к определенным зонам', 3000.00, 'Аксессуары для уборки', 15),
       ('Блендер Philips', 'HR3573/90', 'Блендер с технологией ProBlend и функцией поддержания температуры', 8000.00, 'Блендеры и миксеры для кухни', 16),
       ('Утюг Philips', 'GC2999/70', 'Паровой утюг с функцией SteamGlide и системой против накипи', 5200.00, 'Утюги и гладильные системы', 17),
       ('Кофемашина DeLonghi', 'ECAM 23.420', 'Автоматическая кофемашина с системой капучинатора и настройкой интенсивности кофе', 47000.00, 'Кофемашины', 18),
       ('Кухонные весы Xiaomi', 'Mi Smart Scale 2', 'Электронные кухонные весы с функцией распознавания пользователей и синхронизацией с приложением', 3000.00, 'Кухонные весы и таймеры', 19),
       ('Мультиварка Xiaomi', 'MiJia Induction Heating Rice Cooker', 'Мультиварка с технологией индукционного нагрева и большим количеством режимов приготовления', 12000.00, 'Кухонные комбайны и мультиварки', 20),
       ('Холодильник Haier', 'HB18FGSAAA', 'Холодильник с технологией Twin Cooling и функцией быстрого охлаждения', 52000.00, 'Холодильники', 1),
       ('Плита Samsung', 'NX58H5600SS', 'Газовая плита с функцией Convection и пятью горелками разной мощности', 47000.00, 'Плиты и духовые шкафы', 2),
       ('Стиральная машина Beko', 'WTV8813XW0', 'Стиральная машина с системой Aquafusion и программой быстрой стирки', 38000.00, 'Стиральные машины', 3),
       ('Микроволновая печь Sharp', 'R-21CT(S)', 'Микроволновка с роторным нагревом и функцией размораживания по весу', 13000.00, 'Микроволновые печи', 4),
       ('Пылесос iRobot', 'Roomba 980', 'Робот-пылесос с системой навигации iAdapt и технологией Dirt Detect', 65000.00, 'Пылесосы', 5),
       ('Кофеварка Nespresso', 'Essenza Mini', 'Кофеварка с компактным дизайном и автоматическим отключением', 7000.00, 'Кофеварки и чайники', 6),
       ('Утюг Rowenta', 'DW6080', 'Паровой утюг с системой Eco Steam и функцией самоочистки', 7500.00, 'Утюги', 7),
       ('Миксер Philips', 'HR3745/00', 'Миксер с двумя насадками и функцией Turbo для ускоренного взбивания', 8500.00, 'Миксеры и блендеры', 8),
       ('Тостер Siemens', 'TT3A0003', 'Тостер с функцией подогрева и автоматическим определением толщины тоста', 9500.00, 'Тостеры и сэндвичницы', 9),
       ('Чайник Moulinex', 'BY550D10', 'Электрический чайник с индикатором уровня воды и автоматическим отключением', 5500.00, 'Электрические чайники', 10);

INSERT INTO Orders (user_id, order_status, order_product_quantity, product_id, product_name, product_model,
                    delivery_address, order_total_price)
VALUES (1, 'Обработан', 2, 1, 'Холодильник Samsung', 'RS54HDRPBSR', 'ул. Ленина, д. 10, кв. 5, Москва', 90000.00),
       (2, 'В обработке', 1, 3, 'Стиральная машина LG', 'WM3900HWA', 'ул. Пушкина, д. 5, кв. 3, Санкт-Петербург',
        40000.00),
       (3, 'Доставлен', 1, 5, 'Пылесос Dyson', 'V11 Torque Drive', 'ул. Профсоюзная, д. 15, кв. 8, Екатеринбург',
        60000.00),
       (4, 'Обработан', 1, 8, 'Миксер KitchenAid', 'KHM926CU', 'ул. Гагарина, д. 20, кв. 2, Новосибирск', 10000.00),
       (5, 'Доставлен', 1, 10, 'Чайник Bosch', 'TWK7601', 'ул. Лермонтова, д. 30, кв. 15, Казань', 4000.00),
       (6, 'В пути', 1, 4, 'Микроволновая печь Panasonic', 'NN-SN966SR', 'ул. Тургенева, д. 25, кв. 12, Челябинск',
        15000.00),
       (7, 'В обработке', 2, 9, 'Тостер Breville', 'BTA820XL', 'ул. Жукова, д. 12, кв. 7, Владивосток', 14000.00),
       (8, 'Доставлен', 1, 2, 'Плита Bosch', 'HGI8056UC', 'ул. Маяковского, д. 8, кв. 21, Омск', 35000.00),
       (9, 'Обработан', 1, 6, 'Кофеварка DeLonghi', 'EC155', 'ул. Достоевского, д. 18, кв. 6, Уфа', 8000.00),
       (10, 'Доставлен', 1, 7, 'Утюг Tefal', 'FV4070', 'ул. Пушкина, д. 5, кв. 10, Самара', 5000.00),
       (11, 'В пути', 1, 13, 'Кондиционер Mitsubishi', 'MSZ-LN35VG', 'ул. Гагарина, д. 5, кв. 10, Нижний Новгород',
        60000.00),
       (12, 'Обработан', 1, 17, 'Утюг Philips', 'GC4909/60', 'ул. Ленина, д. 20, кв. 3, Красноярск', 4500.00),
       (13, 'Доставлен', 1, 19, 'Кухонные весы Redmond', 'KS-R208S', 'ул. Пролетарская, д. 15, кв. 8, Воронеж',
        2000.00),
       (14, 'В обработке', 2, 14, 'Тостер Philips', 'HD2628/20', 'ул. Советская, д. 30, кв. 12, Ростов-на-Дону',
        12000.00),
       (15, 'Доставлен', 1, 16, 'Блендер Bosch', 'MSM67160', 'ул. Мира, д. 25, кв. 7, Краснодар', 7000.00),
       (16, 'Обработан', 1, 18, 'Кофемашина Saeco', 'SM7686/00', 'ул. Лермонтова, д. 18, кв. 2, Волgоград', 65000.00),
       (17, 'В пути', 1, 15, 'Мешки для пылесоса Karcher', '6.959-130.0', 'ул. Победы, д. 5, кв. 10, Ульяновск',
        1000.00),
       (18, 'Доставлен', 1, 20, 'Мультиварка Moulinex', 'MK708830', 'ул. Мира, д. 10, кв. 15, Сочи', 8000.00),
       (19, 'Обработан', 1, 11, 'Посудомоечная машина Siemens', 'SN236I01KE', 'ул. Ленина, д. 5, кв. 5, Саратов',
        55000.00),
       (20, 'Доставлен', 1, 12, 'Электрическая плита Electrolux', 'EKC52550OW', 'ул. Гагарина, д. 15, кв. 9, Тюмень',
        40000.00),
       (11, 'Обработан', 1, 15, 'Мешки для пылесоса Karcher', '6.959-130.0', 'ул. Сибирская, д. 10, кв. 5, Красноярск',
        1000.00),
       (12, 'В пути', 1, 17, 'Утюг Philips', 'GC4909/60', 'ул. Ленина, д. 20, кв. 3, Красноярск', 4500.00),
       (13, 'Доставлен', 1, 19, 'Кухонные весы Redmond', 'KS-R208S', 'ул. Пролетарская, д. 15, кв. 8, Воронеж',
        2000.00),
       (14, 'В обработке', 2, 14, 'Тостер Philips', 'HD2628/20', 'ул. Советская, д. 30, кв. 12, Ростов-на-Дону',
        12000.00),
       (15, 'Доставлен', 1, 16, 'Блендер Bosch', 'MSM67160', 'ул. Мира, д. 25, кв. 7, Краснодар', 7000.00),
       (16, 'Обработан', 1, 18, 'Кофемашина Saeco', 'SM7686/00', 'ул. Лермонтова, д. 18, кв. 2, Волгоград', 65000.00),
       (17, 'В пути', 1, 15, 'Мешки для пылесоса Karcher', '6.959-130.0', 'ул. Победы, д. 5, кв. 10, Ульяновск',
        1000.00),
       (18, 'Доставлен', 1, 20, 'Мультиварка Moulinex', 'MK708830', 'ул. Мира, д. 10, кв. 15, Сочи', 8000.00),
       (19, 'Обработан', 1, 11, 'Посудомоечная машина Siemens', 'SN236I01KE', 'ул. Ленина, д. 5, кв. 5, Саратов',
        55000.00),
       (20, 'Доставлен', 1, 12, 'Электрическая плита Electrolux', 'EKC52550OW', 'ул. Гагарина, д. 15, кв. 9, Тюмень',
        40000.00),
       (21, 'В обработке', 1, 6, 'Кофеварка DeLonghi', 'EC155', 'ул. Ленина, д. 10, кв. 5, Москва', 8000.00),
       (22, 'Обработан', 1, 4, 'Микроволновая печь Panasonic', 'NN-SN966SR',
        'ул. Пушкина, д. 5, кв. 3, Санкт-Петербург', 15000.00),
       (23, 'Доставлен', 2, 3, 'Стиральная машина LG', 'WM3900HWA', 'ул. Профсоюзная, д. 15, кв. 8, Екатеринбург',
        80000.00),
       (24, 'В обработке', 1, 8, 'Миксер KitchenAid', 'KHM926CU', 'ул. Гагарина, д. 20, кв. 2, Новосибирск', 10000.00),
       (25, 'Доставлен', 1, 10, 'Чайник Bosch', 'TWK7601', 'ул. Лермонтова, д. 30, кв. 15, Казань', 4000.00),
       (26, 'В пути', 1, 17, 'Утюг Tefal', 'FV4070', 'ул. Тургенева, д. 25, кв. 12, Челябинск', 5000.00),
       (27, 'В обработке', 2, 9, 'Тостер Breville', 'BTA820XL', 'ул. Жукова, д. 12, кв. 7, Владивосток', 14000.00),
       (28, 'Доставлен', 1, 2, 'Плита Bosch', 'HGI8056UC', 'ул. Маяковского, д. 8, кв. 21, Омск', 35000.00),
       (29, 'Обработан', 1, 6, 'Кофеварка DeLonghi', 'EC155', 'ул. Достоевского, д. 18, кв. 6, Уфа', 8000.00),
       (30, 'Доставлен', 1, 7, 'Утюг Tefal', 'FV4070', 'ул. Пушкина, д. 5, кв. 10, Самара', 5000.00);

INSERT INTO ProductReviews (user_id, product_id, review_text, review_rating)
VALUES (1, 1, 'Отличный холодильник, много места и удобное управление.', 4.5),
       (2, 3, 'Стиральная машина работает тихо и эффективно, доволен покупкой.', 5.0),
       (3, 5, 'Пылесос мощный и удобный, справляется с любыми загрязнениями.', 4.8),
       (4, 8, 'Плита отлично готовит, доволен своим выбором.', 4.0),
       (5, 10, 'Этот чайник просто находка! Быстро кипятит воду и удобен в использовании.', 4.7),
       (6, 4, 'Микроволновка супер, удобная и надежная.', 4.5),
       (7, 9, 'Кофеварка проста в использовании, кофе получается вкусным.', 4.2),
       (8, 6, 'Утюг хороший, утюжит без разводов.', 3.8),
       (9, 2, 'Не очень доволен плитой, немного трудно управляться с функциями.', 3.0),
       (10, 7, 'Пользуюсь тостером каждое утро, отлично поджаривает хлеб.', 4.6),
       (11, 13, 'Отличный кондиционер, быстро охлаждает помещение и тихо работает.', 4.7),
       (12, 17, 'Утюг прост в использовании, утюжит даже самые сложные места.', 4.3),
       (13, 19, 'Кухонные весы точно взвешивают, удобно использовать на кухне.', 4.8),
       (14, 14, 'Тостер отлично поджаривает хлеб, удобно регулировать степень прожарки.', 4.5),
       (15, 16, 'Кофемашина приготовляет вкусный кофе, легко чистится.', 4.9),
       (16, 15, 'Мешки для пылесоса подходят для моей модели, отлично собирают мусор.', 4.2),
       (17, 20, 'Мультиварка справляется со всеми функциями, удобно приготавливать различные блюда.', 4.6),
       (18, 11, 'Посудомоечная машина работает бесшумно, отлично моет посуду.', 4.8),
       (19, 12, 'Электрическая плита надежная, равномерно прогревает пищу.', 4.4),
       (11, 15, 'Мешки для пылесоса качественные, подходят для моей модели пылесоса.', 4.5),
       (12, 17, 'Утюг отлично справляется с глажкой, утюжит даже самые трудные складки.', 4.8),
       (13, 19, 'Кухонные весы удобны в использовании, точно взвешивают продукты.', 4.5),
       (14, 14, 'Тостер Philips превосходно поджаривает хлеб, степень прожарки регулируется легко.', 4.6),
       (15, 16, 'Блендер Bosch надежный и мощный, мне нравится его функциональность.', 4.9),
       (16, 15, 'Мешки для пылесоса собирают мусор эффективно, хорошее качество.', 4.2),
       (17, 20, 'Мультиварка Moulinex позволяет готовить разнообразные блюда, удобно использовать.', 4.7),
       (18, 11, 'Посудомоечная машина Siemens отлично моет посуду, доволен качеством.', 4.8),
       (19, 12, 'Электрическая плита Electrolux надежная и функциональная, готовлю на ней с удовольствием.', 4.4),
       (20, 18, 'Мультиварка Moulinex превосходно справляется со всеми задачами при приготовлении пищи.', 4.6),
       (21, 6, 'Кофеварка DeLonghi проста в использовании и делает отличный кофе.', 4.7),
       (22, 4, 'Микроволновая печь Panasonic работает без нареканий, удобная и функциональная.', 4.5),
       (23, 3, 'Стиральная машина LG имеет множество функций, доволен ее производительностью.', 4.8),
       (24, 8, 'Миксер KitchenAid отлично справляется с задачей, качество сборки на высоком уровне.', 4.6),
       (25, 10, 'Чайник Bosch компактный и удобный, нагрев воды происходит быстро.', 4.3),
       (26, 17, 'Утюг Tefal надежный и легкий в использовании, рекомендую.', 4.2),
       (27, 9, 'Тостер Breville имеет стильный дизайн и хорошее качество поджаривания.', 4.7),
       (28, 2, 'Плита Bosch отлично готовит еду, доволен своим выбором.', 4.6),
       (29, 6, 'Кофеварка DeLonghi - прекрасное устройство, делает ароматный кофе.', 4.9),
       (30, 7, 'Утюг Tefal удобный в использовании, гладит белье без складок.', 4.5),
       (31, 13, 'Кондиционер Mitsubishi надежный и мощный, отлично охлаждает помещение.', 4.8);

