CREATE TABLE Users
(
    user_id            SERIAL PRIMARY KEY NOT NULL,
    user_name          VARCHAR(20)        NOT NULL,
    user_email         VARCHAR(50)        NOT NULL UNIQUE,
    user_password      CHAR(50)           NOT NULL,
    user_mobile_number VARCHAR(11)        NOT NULL CHECK (LENGTH(user_mobile_number) = 11) UNIQUE
);

CREATE TABLE Categories
(
    category_id   SERIAL PRIMARY KEY,
    category_name VARCHAR(50) NOT NULL UNIQUE
);

CREATE TABLE Products
(
    product_id          SERIAL PRIMARY KEY,
    product_name        VARCHAR(100)                             NOT NULL,
    product_model       VARCHAR(60),
    product_description VARCHAR(300),
    product_price       NUMERIC(7, 2) CHECK (product_price >= 0) NOT NULL,
    category_name       VARCHAR(50)                              NOT NULL,
    category_id         INT                                      NOT NULL,
    FOREIGN KEY (category_name) REFERENCES Categories (category_name),
    FOREIGN KEY (category_id) REFERENCES Categories (category_id)
);

CREATE TABLE Orders
(
    order_id             SERIAL PRIMARY KEY,
    user_id              INT           NOT NULL,
    order_status         VARCHAR(30)   NOT NULL,
    order_date           DATE      DEFAULT CURRENT_DATE,
    order_time           TIME      DEFAULT CURRENT_TIMESTAMP,
    product_id           INT           NOT NULL,
    product_name         VARCHAR(100)  NOT NULL,
    delivery_address     VARCHAR(100)  NOT NULL,
    order_price          NUMERIC(7, 2) NOT NULL,
    order_delivery_price INT           NOT NULL,
    FOREIGN KEY (user_id) REFERENCES Users (user_id),
    FOREIGN KEY (product_id) REFERENCES Products (product_id)
);

CREATE TABLE ProductReviews
(
    review_id     SERIAL PRIMARY KEY,
    user_id       INT NOT NULL,
    product_id    INT NOT NULL,
    review_text   VARCHAR(500),
    review_rating NUMERIC(2, 1) CHECK (review_rating >= 1 AND review_rating <= 5),
    review_date   DATE DEFAULT CURRENT_DATE,
    FOREIGN KEY (user_id) REFERENCES Users (user_id),
    FOREIGN KEY (product_id) REFERENCES Products (product_id)
);

INSERT INTO Users (user_name, user_email, user_password, user_mobile_number)
VALUES ('Иван', 'ivan123@example.com', 'p@ssw0rd123', '79123456789'),
       ('Елена', 'elena456@example.com', 'qwerty456', '79234567890'),
       ('Дмитрий', 'dmitriy789@example.com', 'abc123xyz', '79345678901'),
       ('Анна', 'anna101112@example.com', 'password789', '79456789012'),
       ('Сергей', 'sergey131415@example.com', 'securepwd321', '79567890123'),
       ('Мария', 'maria161718@example.com', 'myp@ss789', '79678901234'),
       ('Александр', 'alex192021@example.com', 'pass123word', '79789012345'),
       ('Ольга', 'olga222324@example.com', 'mysecret123', '79890123456'),
       ('Артем', 'artem252627@example.com', 'securepassword456', '79901234567'),
       ('Екатерина', 'ekaterina282930@example.com', 'letmein789', '70012345678'),
       ('Павел', 'pavel313233@example.com', 'qwertyuiop123', '70123456789'),
       ('Алиса', 'alisa343536@example.com', 'password123456', '70234567890'),
       ('Николай', 'nikolay373839@example.com', 'mypassword123', '70345678901'),
       ('Ирина', 'irina404142@example.com', 'secure123pwd', '70456789012'),
       ('Владимир', 'vladimir434445@example.com', 'pass789word', '70567890123'),
       ('Евгения', 'evgenia464748@example.com', 'letmein123', '70678901234'),
       ('Григорий', 'grigoriy495051@example.com', 'qwerty123456', '70789012345'),
       ('Татьяна', 'tatyana525354@example.com', 'password789123', '70890123456'),
       ('Максим', 'maxim555657@example.com', 'myp@ss123', '70901234567'),
       ('Елена', 'elena585960@example.com', 'securepwd789', '71012345678'),
       ('Андрей', 'andrey616263@example.com', 'letmein456', '71123456789'),
       ('Анастасия', 'anastasiya646566@example.com', 'qwerty789', '71234567890'),
       ('Дарья', 'darya676869@example.com', 'mypassword456', '71345678901'),
       ('Сергей', 'sergey707172@example.com', 'secure789pwd', '71456789012'),
       ('Ольга', 'olga737475@example.com', 'password123789', '71567890123'),
       ('Иван', 'ivan767778@example.com', 'letmein789123', '71678901234'),
       ('Наталья', 'natalya798081@example.com', 'qwerty456789', '71789012345'),
       ('Алексей', 'alexey828384@example.com', 'myp@ss456', '71890123456'),
       ('Екатерина', 'ekaterina858687@example.com', 'secure789pwd', '71901234567'),
       ('Денис', 'denis1234@example.com', 'passw0rd123', '79123456780'),
       ('Евгений', 'evgeniy5678@example.com', 'abc123def456', '79234567801'),
       ('Олеся', 'olesya91011@example.com', 'qwerty7890', '79345678012'),
       ('Александра', 'aleksandra121314@example.com', 'password123abc', '79456780123'),
       ('Михаил', 'mikhail151617@example.com', 'securepass123', '79567801234'),
       ('Елена', 'elena181920@example.com', 'myp@ssword789', '79678012345'),
       ('Ирина', 'irina212223@example.com', 'letmein123456', '79789012356'),
       ('Андрей', 'andrey242526@example.com', 'qwerty123abc', '79890123567'),
       ('Ксения', 'kseniya272829@example.com', 'mypassword123abc', '79901235678'),
       ('Виктор', 'viktor303132@example.com', 'secure789password', '70012356789'),
       ('Наталья', 'natalya333435@example.com', 'letmein789abc', '70123467890'),
       ('Павел', 'pavel363738@example.com', 'qwerty456abc', '70234578901'),
       ('Анастасия', 'anastasiya394041@example.com', 'myp@ssword789abc', '70345689012'),
       ('Георгий', 'georgiy424344@example.com', 'securepass123abc', '70456790123'),
       ('Елена', 'elena454647@example.com', 'letmein123456abc', '70567801234'),
       ('Валентина', 'valentina484950@example.com', 'qwerty123abc456', '70678012345'),
       ('Сергей', 'sergey515253@example.com', 'mypassword789abc', '70789023456'),
       ('Алиса', 'alisa545556@example.com', 'securepassword123abc', '70890134567'),
       ('Алексей', 'alexey575859@example.com', 'letmein789abc123', '70901245678'),
       ('Мария', 'maria606162@example.com', 'qwerty123abc456', '71012356789'),
       ('Дмитрий', 'dmitriy636465@example.com', 'myp@ssword789abc', '71123467890'),
       ('Елена', 'elena666768@example.com', 'securepass123abc', '71234578901'),
       ('Анна', 'anna697071@example.com', 'letmein123456abc', '71345689012'),
       ('Иван', 'ivan727374@example.com', 'qwerty123abc456', '71456790123'),
       ('Ольга', 'olga757677@example.com', 'mypassword789abc', '71567801234'),
       ('Владимир', 'vladimir787980@example.com', 'securepassword123abc', '71678012345'),
       ('Татьяна', 'tatyana818283@example.com', 'letmein789abc123', '71789023456'),
       ('София', 'sofia848586@example.com', 'qwerty123abc456', '71890134567'),
       ('Никита', 'nikita878889@example.com', 'mypassword789abc', '71901245678'),
       ('Артемий', 'artemiy901234@example.com', 'passw0rdabc123', '79123456701'),
       ('Дарина', 'darina567890@example.com', 'abc123def456ghi', '79234567012'),
       ('Василиса', 'vasilisa9101112@example.com', 'qwerty7890jkl', '79345670123'),
       ('Роман', 'roman12131415@example.com', 'password123abcxyz', '79456701234'),
       ('Елена', 'elena16171819@example.com', 'securepass123xyz', '79567012345'),
       ('Игорь', 'igor20212223@example.com', 'myp@ssword789xyz', '79670123456'),
       ('Анна', 'anna24252627@example.com', 'letmein123456xyz', '79701234567'),
       ('Полина', 'polina28293031@example.com', 'qwerty123abcxyz', '79812345678'),
       ('Дмитрий', 'dmitriy32333435@example.com', 'myp@ssword789abcxyz', '79923456789'),
       ('Маргарита', 'margarita36373839@example.com', 'securepass123abcxyz', '70034567890'),
       ('Андрей', 'andrey40414243@example.com', 'letmein123456abcxyz', '70145678901'),
       ('Евгения', 'evgeniya44454647@example.com', 'qwerty123abcxyz', '70256789012'),
       ('Артем', 'artem48495051@example.com', 'myp@ssword789abcxyz', '70367890123'),
       ('Ольга', 'olga52535455@example.com', 'securepass123abcxyz', '70478901234'),
       ('Максим', 'maxim56575859@example.com', 'letmein123456abcxyz', '70590123456'),
       ('Алина', 'alina60616263@example.com', 'qwerty123abcxyz', '70601234567'),
       ('Анастасия', 'anastasiya64656667@example.com', 'myp@ssword789abcxyz', '70712345678'),
       ('Иван', 'ivan68697071@example.com', 'securepass123abcxyz', '70823456789'),
       ('Наталья', 'natalya72737475@example.com', 'letmein123456abcxyz', '70934567890'),
       ('Сергей', 'sergey76777879@example.com', 'qwerty123abcxyz', '71045678901'),
       ('Екатерина', 'ekaterina80818283@example.com', 'myp@ssword789abcxyz', '71156789012'),
       ('Владимир', 'vladimir84858687@example.com', 'securepass123abcxyz', '71267890123'),
       ('Елизавета', 'elizaveta88899091@example.com', 'letmein123456abcxyz', '71378901234'),
       ('Александр', 'alexandr92939495@example.com', 'qwerty123abcxyz', '71490123456'),
       ('Антон', 'anton96979899@example.com', 'myp@ssword789abcxyz', '71501234567'),
       ('Татьяна', 'tatyana00010203@example.com', 'securepass123abcxyz', '71612345678'),
       ('Олег', 'oleg04050607@example.com', 'letmein123456abcxyz', '71723456789'),
       ('Дарья', 'darya08091011@example.com', 'qwerty123abcxyz', '71834567890'),
       ('Ирина', 'irina12131415@example.com', 'myp@ssword789abcxyz', '71945678901'),
       ('Павел', 'pavel16171819@example.com', 'securepass123abcxyz', '72056789012'),
       ('Мария', 'maria20212223@example.com', 'letmein123456abcxyz', '72167890123'),
       ('Илья', 'ilya24252627@example.com', 'qwerty123abcxyz', '72278901234'),
       ('Евгений', 'evgeniy28293031@example.com', 'myp@ssword789abcxyz', '72390123456'),
       ('Кристина', 'kristina32333435@example.com', 'securepass123abcxyz', '72401234567'),
       ('Валентин', 'valentin36373839@example.com', 'letmein123456abcxyz', '72512345678'),
       ('Елизавета', 'elizaveta40414243@example.com', 'qwerty123abcxyz', '72623456789'),
       ('София', 'sofia44454647@example.com', 'myp@ssword789abcxyz', '72734567890'),
       ('Глеб', 'gleb48495051@example.com', 'securepass123abcxyz', '72845678901'),
       ('Марина', 'marina52535455@example.com', 'letmein123456abcxyz', '72956789012'),
       ('Никита', 'nikita56575859@example.com', 'qwerty123abcxyz', '73067890123'),
       ('Александра', 'aleksandra60616263@example.com', 'myp@ssword789abcxyz', '73178901234'),
       ('Алексей', 'alexey64656667@example.com', 'securepass123abcxyz', '73290123456'); -- в курсаче через copy from

INSERT INTO Categories (category_name)
VALUES ('Холодильники'),
       ('Плиты и духовки'),
       ('Стиральные машины'),
       ('Посудомоечные машины'),
       ('Микроволновые печи'),
       ('Электрочайники и кофеварки'),
       ('Утюги и парогенераторы'),
       ('Пылесосы'),
       ('Климатическая техника'),
       ('Водонагреватели'),
       ('Мелкая кухонная техника'),
       ('Мультиварки и скороварки'),
       ('Кофемашины'),
       ('Тостеры и сэндвичницы'),
       ('Мясорубки и миксеры для мяса'),
       ('Фильтры и пылесборники'),
       ('Аксессуары для пылесосов'),
       ('Кондиционеры и вентиляторы'),
       ('Обогреватели и радиаторы'),
       ('Очистители воздуха и увлажнители'),
       ('Системы умного дома'),
       ('Встраиваемая бытовая техника'),
       ('Аксессуары для кухонной техники'),
       ('Уход за одеждой и обувью'),
       ('Уход за волосами'),
       ('Уход за телом и зубами'),
       ('Массажеры и тренажеры'),
       ('Электронные весы и измерители'),
       ('Электробритвы и триммеры'); -- в курсаче через insert

INSERT INTO Products (product_name, product_model, product_description, product_price, category_name, category_id)
VALUES ('Холодильник "Атлант"', 'ATL-123',
        'Холодильник "Атлант" с объемом камеры 300 литров и энергопотреблением класса A+', 25000.00, 'Холодильники', 1),
       ('Духовка с электрической плитой "Electrolux"', 'ELE-456',
        'Духовка с электрической плитой от "Electrolux" с функцией конвекции', 35000.00, 'Плиты и духовки', 2),
       ('Стиральная машина "Bosch"', 'BOS-789',
        'Стиральная машина "Bosch" с загрузкой 7 кг и функцией защиты от протечек', 30000.00, 'Стиральные машины', 3),
       ('Посудомоечная машина "Siemens"', 'SIE-101',
        'Посудомоечная машина "Siemens" с функцией сушки и возможностью установки встраиваемой панели', 40000.00,
        'Посудомоечные машины', 4),
       ('Микроволновая печь "LG"', 'LGM-202',
        'Микроволновая печь "LG" с объемом камеры 20 литров и функцией быстрого размораживания', 8000.00,
        'Микроволновые печи', 5),
       ('Электрочайник "Philips"', 'PHI-303',
        'Электрочайник "Philips" с объемом 1.7 литра и функцией автоматического отключения', 3000.00,
        'Электрочайники и кофеварки', 6),
       ('Утюг "Rowenta"', 'ROW-404', 'Утюг "Rowenta" с паровым ударом и системой защиты от накипи', 2000.00,
        'Утюги и парогенераторы', 7),
       ('Пылесос "Samsung"', 'SAM-505', 'Пылесос "Samsung" с мощностью 2000 Вт и фильтром HEPA', 7000.00, 'Пылесосы',
        8),
       ('Кондиционер "Panasonic"', 'PAN-606',
        'Кондиционер "Panasonic" с мощностью 9000 BTU и функцией автоматического режима', 40000.00,
        'Климатическая техника', 9),
       ('Водонагреватель "Ariston"', 'ARI-707',
        'Водонагреватель "Ariston" с объемом бака 50 литров и технологией быстрого нагрева воды', 12000.00,
        'Водонагреватели', 10),
       ('Блендер "Moulinex"', 'MOU-808', 'Блендер "Moulinex" с мощностью 1000 Вт и 6 скоростными режимами', 5000.00,
        'Мелкая кухонная техника', 11),
       ('Мультиварка "Redmond"', 'RED-909',
        'Мультиварка "Redmond" с объемом чаши 5 литров и 16 программами приготовления', 6000.00,
        'Мультиварки и скороварки', 12),
       ('Кофемашина "DeLonghi"', 'DEL-010',
        'Кофемашина "DeLonghi" с автоматической системой капучинатора и программой автоматического отключения',
        25000.00, 'Кофемашины', 13),
       ('Тостер "Braun"', 'BRA-020', 'Тостер "Braun" с функцией размораживания и регулировкой степени прожарки',
        3000.00, 'Тостеры и сэндвичницы', 14),
       ('Мясорубка "Bosch"', 'BOS-030',
        'Мясорубка "Bosch" с мощностью 1500 Вт и функцией насадок для различных типов мяса', 7000.00,
        'Мясорубки и миксеры для мяса', 15),
       ('Фильтр для пылесоса "Philips"', 'PHI-040',
        'Фильтр для пылесоса "Philips" с технологией защиты от мелкой пыли и аллергенов', 1000.00,
        'Фильтры и пылесборники', 16),
       ('Аксессуары для пылесоса "Karcher"', 'KAR-050',
        'Аксессуары для пылесоса "Karcher" включающие насадки для мебели и углов', 2000.00, 'Аксессуары для пылесосов',
        17),
       ('Кондиционер настенный "Mitsubishi Electric"', 'MIT-060',
        'Кондиционер настенный "Mitsubishi Electric" с функцией энергосбережения и бесшумной работой', 60000.00,
        'Кондиционеры и вентиляторы', 18),
       ('Обогреватель керамический "Timberk"', 'TIM-070',
        'Обогреватель керамический "Timberk" с функцией поддержания температуры и защитой от перегрева', 5000.00,
        'Обогреватели и радиаторы', 19),
       ('Очиститель воздуха "Dyson"', 'DYS-080',
        'Очиститель воздуха "Dyson" с технологией циклонического очищения и автоматическим режимом работы', 30000.00,
        'Очистители воздуха и увлажнители', 20),
       ('Система умного дома "Google Nest"', 'NES-090',
        'Система умного дома "Google Nest" включающая в себя умный динамик и видеокамеру', 25000.00,
        'Системы умного дома', 21),
       ('Встраиваемая микроволновая печь "Whirlpool"', 'WHI-100',
        'Встраиваемая микроволновая печь "Whirlpool" с функцией гриля и таймером', 15000.00,
        'Встраиваемая бытовая техника', 22),
       ('Насадка для блендера "Bosch"', 'BOS-110', 'Насадка для блендера "Bosch" с функцией измельчения льда и орехов',
        2000.00, 'Аксессуары для кухонной техники', 23),
       ('Утюг паровой "Tefal"', 'TEF-120',
        'Утюг паровой "Tefal" с системой увеличенного пара и автоматическим отключением', 3000.00,
        'Уход за одеждой и обувью', 24),
       ('Фен для волос "Remington"', 'REM-130', 'Фен для волос "Remington" с ионизатором и 3 скоростными режимами',
        2000.00, 'Уход за волосами', 25),
       ('Электрическая зубная щетка "Oral-B"', 'ORA-140',
        'Электрическая зубная щетка "Oral-B" с 3 режимами чистки и индикатором заряда', 4000.00,
        'Уход за телом и зубами', 26),
       ('Массажер для шеи и спины "Beurer"', 'BEU-150', 'Массажер для шеи и спины "Beurer" с 3D-массажем и подогревом',
        7000.00, 'Массажеры и тренажеры', 27),
       ('Электронные весы "Xiaomi"', 'XIA-160',
        'Электронные весы "Xiaomi" с подключением к приложению и анализом состава тела', 3000.00,
        'Электронные весы и измерители', 28),
       ('Триммер для бороды "Philips"', 'PHI-170',
        'Триммер для бороды "Philips" с регулировкой длины и наконечником для детальной стрижки', 2500.00,
        'Электробритвы и триммеры', 29),
       ('Кофемолка "Krups"', 'KRU-180', 'Кофемолка "Krups" с мощностью 200 Вт и регулируемой степенью помола', 4000.00,
        'Мелкая кухонная техника', 11),
       ('Морозильная камера "Beko"', 'BEK-001',
        'Морозильная камера "Beko" с объемом 200 литров и технологией низкого энергопотребления', 20000.00,
        'Холодильники', 1),
       ('Газовая плита "Gorenje"', 'GOR-002',
        'Газовая плита "Gorenje" с электроподжигом и функцией защиты от утечки газа', 30000.00, 'Плиты и духовки', 2),
       ('Сушильная машина "LG"', 'LGS-003', 'Сушильная машина "LG" с объемом барабана 7 кг и 10 программами сушки',
        35000.00, 'Стиральные машины', 3),
       ('Компактный посудомоечный аппарат "Bosch"', 'BOC-004',
        'Компактный посудомоечный аппарат "Bosch" с 6 программами мытья и технологией "AquaStop"', 25000.00,
        'Посудомоечные машины', 4),
       ('Микроволновка с грилем "Samsung"', 'SAM-005', 'Микроволновка с грилем "Samsung" и объемом камеры 25 литров',
        10000.00, 'Микроволновые печи', 5),
       ('Электрический чайник "Braun"', 'BRA-006',
        'Электрический чайник "Braun" с функцией поддержания температуры и защитой от перегрева', 4000.00,
        'Электрочайники и кофеварки', 6),
       ('Парогенератор "Tefal"', 'TEF-007', 'Парогенератор "Tefal" с большим резервуаром для воды и подвесным утюгом',
        15000.00, 'Утюги и парогенераторы', 7),
       ('Пылесос-робот "iRobot"', 'IRO-008', 'Пылесос-робот "iRobot" с технологией навигации и автоматической зарядкой',
        30000.00, 'Пылесосы', 8),
       ('Переносной кондиционер "Haier"', 'HAI-009',
        'Переносной кондиционер "Haier" с мощностью 9000 BTU и возможностью установки на колеса', 35000.00,
        'Климатическая техника', 9),
       ('Бойлер "Atlantic"', 'ATL-010', 'Бойлер "Atlantic" с мощностью 2000 Вт и объемом накопительного бака 80 литров',
        15000.00, 'Водонагреватели', 10),
       ('Соковыжималка "Bosch"', 'BOS-011',
        'Соковыжималка "Bosch" с мощностью 1000 Вт и возможностью изготовления сока из цельных фруктов', 6000.00,
        'Мелкая кухонная техника', 11),
       ('Блендер-погружной "Vitek"', 'VIT-012',
        'Блендер-погружной "Vitek" с двумя насадками и функцией измельчения льда', 3000.00, 'Мелкая кухонная техника',
        11),
       ('Мультиварка "Moulinex"', 'MOU-013', 'Мультиварка "Moulinex" с объемом 6 литров и функцией поддержания тепла',
        8000.00, 'Мультиварки и скороварки', 12),
       ('Кофемолка-блендер "Scarlett"', 'SCA-014',
        'Кофемолка-блендер "Scarlett" с 2 скоростными режимами и 4 насадками', 4000.00, 'Мелкая кухонная техника', 11),
       ('Автоматическая кофемашина "Saeco"', 'SAE-015',
        'Автоматическая кофемашина "Saeco" с функцией самоочистки и поддержанием температуры кофе', 60000.00,
        'Кофемашины', 13),
       ('Тостер-гриль "Braun"', 'BRA-016',
        'Тостер-гриль "Braun" с возможностью приготовления панини и регулировкой степени обжарки', 5000.00,
        'Тостеры и сэндвичницы', 14),
       ('Мясорубка "Moulinex"', 'MOU-017',
        'Мясорубка "Moulinex" с реверсивной функцией и насадками для изготовления колбасы', 7000.00,
        'Мясорубки и миксеры для мяса', 15),
       ('Фильтр для пылесоса "Karcher"', 'KAR-018',
        'Фильтр для пылесоса "Karcher" с технологией защиты от аллерергенов и микрочастиц', 1000.00,
        'Фильтры и пылесборники', 16),
       ('Насадка для пылесоса "Electrolux"', 'ELE-019',
        'Насадка для пылесоса "Electrolux" с турбощеткой и насадкой для мебели', 1500.00, 'Аксессуары для пылесосов',
        17),
       ('Мобильный кондиционер "Ballu"', 'BAL-020',
        'Мобильный кондиционер "Ballu" с функцией вентиляции и таймером включения', 40000.00,
        'Кондиционеры и вентиляторы', 18),
       ('Масляный радиатор "Zanussi"', 'ZAN-021',
        'Масляный радиатор "Zanussi" с 9 режимами мощности и колесами для удобства перемещения', 8000.00,
        'Обогреватели и радиаторы', 19),
       ('Очиститель воздуха с ионизатором "Philips"', 'PHI-022',
        'Очиститель воздуха с ионизатором "Philips" и функцией автоматической очистки воздуха', 25000.00,
        'Очистители воздуха и увлажнители', 20),
       ('Умная система управления освещением "TP-Link"', 'TPL-023',
        'Умная система управления освещением "TP-Link" с возможностью управления через смартфон', 5000.00,
        'Системы умного дома', 21),
       ('Варочная панель индукционная "Bosch"', 'BOS-024',
        'Варочная панель индукционная "Bosch" с 4 зонами нагрева и функцией детекции посуды', 30000.00,
        'Встраиваемая бытовая техника', 22),
       ('Насадка для кухонного комбайна "Kenwood"', 'KEN-025',
        'Насадка для кухонного комбайна "Kenwood" с 5 насадками для измельчения и нарезки', 6000.00,
        'Аксессуары для кухонной техники', 23),
       ('Паровая станция "Philips"', 'PHI-026',
        'Паровая станция "Philips" с непрерывной подачей пара и функцией автоматического отключения', 35000.00,
        'Уход за одеждой и обувью', 24),
       ('Фен с ионизацией "Rowenta"', 'ROW-027', 'Фен с ионизацией "Rowenta" и насадкой для сглаживания волос', 4000.00,
        'Уход за волосами', 25),
       ('Электрическая зубная щетка "Panasonic"', 'PAN-028',
        'Электрическая зубная щетка "Panasonic" с функцией вибрации и индикатором времени чистки', 5000.00,
        'Уход за телом и зубами', 26),
       ('Массажер для ног "Beurer"', 'BEU-029',
        'Массажер для ног "Beurer" с функцией подогрева и 3 режимами интенсивности', 7000.00, 'Массажеры и тренажеры',
        27),
       ('Электронные напольные весы "Redmond"', 'RED-030',
        'Электронные напольные весы "Redmond" с дисплеем и автоматическим выключением', 3000.00,
        'Электронные весы и измерители', 28),
       ('Триммер для бороды и усов "Philips"', 'PHI-031',
        'Триммер для бороды и усов "Philips" с насадками и регулировкой длины', 2500.00, 'Электробритвы и триммеры',
        29),
       ('Кофемолка ручная "Hario"', 'HAR-032', 'Кофемолка ручная "Hario" из нержавеющей стали и керамики', 3000.00,
        'Мелкая кухонная техника', 11),
       ('Холодильник "Снеж"', 'SNZ-033', 'Холодильник "Снеж" с системой "No Frost" и функцией экономии энергии',
        35000.00, 'Холодильники', 1),
       ('Духовка "MasterCook"', 'MAS-034', 'Духовка "MasterCook" с функцией конвекции и таймером', 25000.00,
        'Плиты и духовки', 2),
       ('Стиральная машина "Zanussi"', 'ZAN-035',
        'Стиральная машина "Zanussi" с загрузкой 8 кг и функцией быстрой стирки', 28000.00, 'Стиральные машины', 3),
       ('Посудомоечная машина "LG"', 'LGD-036',
        'Посудомоечная машина "LG" с технологией "Smart Diagnosis" и 10 программами мытья', 40000.00,
        'Посудомоечные машины', 4),
       ('Микроволновая печь "Panasonic"', 'PAN-037',
        'Микроволновая печь "Panasonic" с инверторным нагревом и функцией размораживания', 12000.00,
        'Микроволновые печи', 5),
       ('Электрический чайник "Kenwood"', 'KEN-038',
        'Электрический чайник "Kenwood" с автоматическим отключением и защитой от перегрева', 5000.00,
        'Электрочайники и кофеварки', 6),
       ('Утюг "Bosch"', 'BOS-039', 'Утюг "Bosch" с функцией антипригарного покрытия и системой защиты от капель',
        3000.00, 'Утюги и парогенераторы', 7),
       ('Пылесос "Philips"', 'PHI-040', 'Пылесос "Philips" с технологией "PowerCyclone" и HEPA-фильтром', 6000.00,
        'Пылесосы', 8),
       ('Кондиционер "Daikin"', 'DAI-041',
        'Кондиционер "Daikin" с функцией интеллектуальной очистки воздуха и управлением через Wi-Fi', 70000.00,
        'Климатическая техника', 9),
       ('Бойлер "Stiebel Eltron"', 'STI-042',
        'Бойлер "Stiebel Eltron" с электронным регулированием температуры и защитой от перегрева', 18000.00,
        'Водонагреватели', 10),
       ('Блендер "Scarlett"', 'SCA-043', 'Блендер "Scarlett" с 10 скоростными режимами и функцией измельчения льда',
        3500.00, 'Мелкая кухонная техника', 11),
       ('Мультиварка "Tefal"', 'TEF-044',
        'Мультиварка "Tefal" с 25 программами приготовления и функцией поддержания тепла', 10000.00,
        'Мультиварки и скороварки', 12),
       ('Кофемашина "Krups"', 'KRU-045',
        'Кофемашина "Krups" с автоматическим молочным капучинатором и регулировкой степени помола', 45000.00,
        'Кофемашины', 13),
       ('Тостер "Braun"', 'BRA-046', 'Тостер "Braun" с функцией размораживания и 7 режимами обжарки', 5000.00,
        'Тостеры и сэндвичницы', 14),
       ('Мясорубка "Vitek"', 'VIT-047', 'Мясорубка "Vitek" с мощностью 800 Вт и 3 насадками для измельчения', 7000.00,
        'Мясорубки и миксеры для мяса', 15),
       ('Фильтр-пылесборник "Samsung"', 'SAM-048',
        'Фильтр-пылесборник "Samsung" с технологией фильтрации "Cyclone Force"', 1500.00, 'Фильтры и пылесборники', 16),
       ('Насадка для пылесоса "Miele"', 'MIE-049',
        'Насадка для пылесоса "Miele" с электрощеткой и насадкой для уборки мебели', 2000.00,
        'Аксессуары для пылесосов', 17),
       ('Вентилятор напольный "Rowenta"', 'ROW-050',
        'Вентилятор напольный "Rowenta" с 3 скоростями и возможностью наклона', 8000.00, 'Кондиционеры и вентиляторы',
        18),
       ('Керамический радиатор "Supra"', 'SUP-051',
        'Керамический радиатор "Supra" с 3 уровнями нагрева и автоматическим отключением', 10000.00,
        'Обогреватели и радиаторы', 19),
       ('Освежитель воздуха "Air Wick"', 'AIR-052',
        'Освежитель воздуха "Air Wick" с технологией нейтрализации запахов и регулируемой интенсивностью', 700.00,
        'Очистители воздуха и увлажнители', 20),
       ('Умная система управления освещением "Philips Hue"', 'PHU-053',
        'Умная система управления освещением "Philips Hue" с поддержкой голосового управления и регулировкой цвета',
        15000.00, 'Системы умного дома', 21),
       ('Встраиваемая духовка "Siemens"', 'SIE-054', 'Встраиваемая духовка "Siemens" с функцией пароварки и таймером',
        35000.00, 'Встраиваемая бытовая техника', 22),
       ('Наушник для кухонного комбайна "Kenwood"', 'KEN-055',
        'Наушник для кухонного комбайна "Kenwood" с 6 насадками для измельчения и мешалкой', 4500.00,
        'Аксессуары для кухонной техники', 23),
       ('Паровая машина для одежды "SteamOne"', 'STE-056',
        'Паровая машина для одежды "SteamOne" с вертикальным отпариванием и большим резервуаром для воды', 20000.00,
        'Уход за одеждой и обувью', 24),
       ('Электрическая зубная щетка "Colgate"', 'COL-058',
        'Электрическая зубная щетка "Colgate" с 3 режимами чистки и индикатором заряда', 2500.00,
        'Уход за телом и зубами', 26),
       ('Массажная накидка для спины "Beurer"', 'BEU-059',
        'Массажная накидка для спины "Beurer" с 4 массажными зонами и подогревом', 8000.00, 'Массажеры и тренажеры',
        27),
       ('Электронные кухонные весы "Redmond"', 'RED-060',
        'Электронные кухонные весы "Redmond" с функцией тарировки и автоматическим выключением', 3500.00,
        'Электронные весы и измерители', 28),
       ('Триммер для носа и ушей "Braun"', 'BRA-061',
        'Триммер для носа и ушей "Braun" с защитной системой и наконечником-расческой', 2000.00,
        'Электробритвы и триммеры', 29),
       ('Кофемолка "DeLonghi"', 'DEL-062',
        'Кофемолка "DeLonghi" с функцией выбора степени помола и резервуаром для зерен', 7000.00,
        'Мелкая кухонная техника', 11),
       ('Соковыжималка-цитрусовыжималка "Bosch"', 'BOS-063',
        'Соковыжималка-цитрусовыжималка "Bosch" с двумя насадками для соков и цитрусов и функцией автоматического отжима',
        4000.00, 'Мелкая кухонная техника', 11),
       ('Мясорубка электрическая "Philips"', 'PHI-064',
        'Мясорубка электрическая "Philips" с функцией реверса и насадками для колбасы', 9000.00,
        'Мясорубки и миксеры для мяса', 15),
       ('Фильтр для пылесоса "Rowenta"', 'ROW-065',
        'Фильтр для пылесоса "Rowenta" с технологией "Cyclonic" и улучшенной фильтрацией', 2000.00,
        'Фильтры и пылесборники', 16),
       ('Щетка-насадка для пылесоса "Electrolux"', 'ELE-066',
        'Щетка-насадка для пылесоса "Electrolux" с регулируемой высотой и щетинами-пылесборниками', 3000.00,
        'Аксессуары для пылесосов', 17),
       ('Вентилятор напольный "Supra"', 'SUP-067', 'Вентилятор напольный "Supra" с таймером и 5 режимами скорости',
        7000.00, 'Кондиционеры и вентиляторы', 18),
       ('Масляный обогреватель "Polaris"', 'POL-068',
        'Масляный обогреватель "Polaris" с регулируемым термостатом и защитой от перегрева', 6000.00,
        'Обогреватели и радиаторы', 19),
       ('Очиститель воздуха "Sharp"', 'SHA-069',
        'Очиститель воздуха "Sharp" с плазменным кластерным ионизатором и датчиком качества воздуха', 25000.00,
        'Очистители воздуха и увлажнители', 20),
       ('Умный датчик движения "Xiaomi"', 'XIA-070',
        'Умный датчик движения "Xiaomi" с поддержкой работы через приложение и отправкой уведомлений', 1500.00,
        'Системы умного дома', 21),
       ('Встраиваемая микроволновая печь "Siemens"', 'SIE-071',
        'Встраиваемая микроволновая печь "Siemens" с технологией "Innowave" и 5 режимами нагрева', 25000.00,
        'Встраиваемая бытовая техника', 22),
       ('Нож для кухонного комбайна "Braun"', 'BRA-072',
        'Нож для кухонного комбайна "Braun" с 6 лезвиями из нержавеющей стали', 3500.00,
        'Аксессуары для кухонной техники', 23),
       ('Паровая швабра "Bissell"', 'BIS-073',
        'Паровая швабра "Bissell" с резервуаром для воды и насадками для чистки ковров и плитки', 8000.00,
        'Уход за одеждой и обувью', 24); -- в курсаче через copy from

INSERT INTO Productreviews (review_id, user_id, product_id, review_text, review_rating, review_date)
VALUES  (1, 15, 1, 'Холодильник работает отлично но инструкция не очень понятная', 4.5, '2023-07-12'),
        (2, 42, 2, 'Духовка нагревается очень быстро удобно пользоваться', 5.0, '2023-09-28'),
        (3, 77, 3, 'Стиральная машина Bosch поломалась через месяц использования', 2.5, '2023-11-05'),
        (4, 56, 4, 'Посудомоечная машина Siemens отлично моет посуду но долго сушит', 4.0, '2023-04-19'),
        (5, 29, 5, 'Микроволновая печь LG выглядит стильно но слабо нагревает', 3.0, '2023-10-07'),
        (6, 88, 6, 'Электрочайник Philips надежный и удобный в использовании', 4.5, '2023-08-15'),
        (7, 10, 7, 'Утюг Rowenta не гладит хорошо много замятых мест', 2.0, '2023-06-25'),
        (8, 64, 8, 'Пылесос Samsung имеет мощный всасывающий мотор но тяжеловат', 4.0, '2023-03-11'),
        (9, 51, 9, 'Кондиционер Panasonic хорошо охлаждает воздух но громко работает', 3.5, '2023-05-30'),
        (10, 22, 10, 'Водонагреватель Ariston быстро нагревает воду но греется корпус', 3.0, '2023-02-17'),
        (11, 73, 11, 'Блендер Moulinex качественный но долго измельчает продукты', 4.0, '2023-11-03'),
        (12, 85, 12, 'Мультиварка Redmond удобная в использовании много функций', 4.5, '2023-09-20'),
        (13, 8, 13, 'Кофемашина DeLonghi выглядит стильно но долго греется', 3.5, '2023-07-08'),
        (14, 95, 14, 'Тостер Braun равномерно поджаривает хлеб но громко работает', 3.0, '2023-04-26'),
        (15, 34, 15, 'Мясорубка Bosch надежная но сложно моется', 4.0, '2023-10-14'),
        (16, 69, 16, 'Фильтр для пылесоса Philips эффективно задерживает пыль', 4.5, '2023-08-02'),
        (17, 45, 17, 'Аксессуары для пылесоса Karcher качественные но дорогие', 4.0, '2023-05-21'),
        (18, 19, 18, 'Кондиционер настенный Mitsubishi Electric тихий и мощный', 5.0, '2023-01-09'),
        (19, 79, 19, 'Обогреватель керамический Timberk быстро нагревает помещение', 4.5, '2023-11-27'),
        (20, 36, 20, 'Очиститель воздуха Dyson эффективно очищает воздух', 5.0, '2023-06-05'),
        (21, 67, 21, 'Система умного дома Google Nest удобная в управлении', 4.0, '2023-03-24'),
        (22, 21, 22, 'Встраиваемая микроволновая печь Whirlpool надежная но маленькая', 3.5, '2023-10-11'),
        (23, 54, 23, 'Насадка для блендера Bosch качественная но дорогая', 4.0, '2023-08-19'),
        (24, 81, 24, 'Утюг паровой Tefal удобный в использовании но быстро пачкается', 3.5, '2023-05-06'),
        (25, 40, 25, 'Фен для волос Remington мощный но тяжелый', 4.0, '2023-01-25'),
        (26, 12, 26, 'Электрическая зубная щетка Oral-B хорошо чистит зубы', 4.5, '2023-09-12'),
        (27, 61, 27, 'Массажер для шеи и спины Beurer расслабляет но громковат', 4.0, '2023-06-30'),
        (28, 97, 28, 'Электронные весы Xiaomi точные но неудобно хранить', 3.5, '2023-04-17'),
        (29, 27, 29, 'Триммер для бороды Philips качественный но батарея быстро разряжается', 3.0, '2023-11-01'),
        (30, 70, 30, 'Кофемолка Krup эффективно измельчает кофе но шумная', 3.5, '2023-08-08'),
        (31, 27, 31, 'Морозильная камера Beko отлично сохраняет продукты удобная модель', 4.5, '2023-07-15'),
        (32, 64, 32, 'Газовая плита Gorenje прекрасно работает но немного громкая', 4.0, '2023-09-22'),
        (33, 12, 33, 'Сушильная машина LG сушит белье быстро и равномерно рекомендую', 5.0, '2023-11-03'),
        (34, 42, 34, 'Посудомоечный аппарат Bosch компактный и эффективный удобно использовать', 4.5, '2023-04-12'),
        (35, 88, 35, 'Микроволновка Samsung отлично греет и жарит удобная в эксплуатации', 4.0, '2023-10-28'),
        (36, 15, 36, 'Чайник Braun надежный но кнопка открытия крышки немного тугая', 3.5, '2023-08-07'),
        (37, 79, 37, 'Парогенератор Tefal работает отлично пар выходит обильно', 4.5, '2023-06-19'),
        (38, 36, 38, 'Пылесос-робот iRobot освободил много времени отличный помощник по уборке', 5.0, '2023-03-01'),
        (39, 51, 39, 'Переносной кондиционер Haier прекрасно охлаждает помещение удобно передвигать', 4.0, '2023-05-09'),
        (40, 10, 40, 'Бойлер Atlantic быстро нагревает воду удобный в эксплуатации', 4.0, '2023-02-14'),
        (41, 61, 41, 'Соковыжималка Bosch мощная но сложно моется', 3.0, '2023-11-30'),
        (42, 21, 42, 'Блендер-погружной Vitek компактный и функциональный удобный в использовании', 4.5, '2023-09-25'),
        (43, 85, 43, 'Мультиварка Moulinex многофункциональная но инструкция не очень понятная', 4.0, '2023-07-18'),
        (44, 73, 44, 'Кофемолка-блендер Scarlett удобная но материал корпуса выглядит дешево', 3.5, '2023-04-05'),
        (45, 29, 45, 'Автоматическая кофемашина Saeco приготавливает вкусный кофе но громкая', 4.0, '2023-10-10'),
        (46, 97, 46, 'Тостер-гриль Braun удобный но слишком большой для моей кухни', 3.0, '2023-08-16'),
        (47, 45, 47, 'Мясорубка Moulinex надежная но требует частой очистки', 3.5, '2023-12-22'),
        (48, 8, 48, 'Фильтр для пылесоса Karcher эффективно задерживает мелкий мусор но дорогой', 4.0, '2023-02-05'),
        (49, 69, 49, 'Насадка для пылесоса Electrolux удобная но не всегда эффективно очищает ковры', 3.5, '2023-05-14'),
        (50, 22, 50, 'Мобильный кондиционер Ballu мощный но шумный', 3.0, '2023-11-08'),
        (51, 54, 51, 'Масляный радиатор Zanussi быстро нагревает помещение но неудобно хранить', 4.0, '2023-08-03'),
        (52, 40, 52, 'Очиститель воздуха Philips эффективно очищает воздух но громкий', 3.5, '2023-03-17'),
        (53, 12, 53, 'Умная система управления освещением TP-Link удобна в использовании но дорогая', 4.0, '2023-06-29'),
        (54, 95, 54, 'Варочная панель индукционная Bosch надежная но долго нагревается', 3.5, '2023-09-24'),
        (55, 64, 55, 'Насадка для кухонного комбайна Kenwood функциональная но дорогая', 4.0, '2023-12-02'),
        (56, 27, 56, 'Паровая станция Philips отлично гладит но требует частой очистки', 4.5, '2023-08-13'),
        (57, 79, 57, 'Фен с ионизацией Rowenta сушит волосы быстро но тяжелый', 3.5, '2023-04-26'),
        (58, 36, 87, 'Электрическая зубная щетка Colgate удобная в использовании но не очень эффективная', 3.0, '2023-10-01'),
        (59, 51, 58, 'Электрическая зубная щетка Panasonic эффективно чистит зубы удобная в использовании', 4.5, '2023-07-09'),
        (60, 22, 59, 'Массажер для ног Beurer расслабляет и улучшает кровообращение но громковат', 4.0, '2023-05-16'),
        (61, 45, 60, 'Отличные весы точные и удобные в использовании', 5.0, '2023-06-15'),
        (62, 62, 61, 'Триммер Philips оказался не таким удобным как ожидалось насадки не фиксируются должным образом', 3.5, '2023-04-20'),
        (63, 77, 62, 'Кофемолка Hario прекрасно молет кофе но не очень удобна в использовании из-за ручного привода', 4.0, '2023-03-10'),
        (64, 82, 63, 'Холодильник Снеж работает безупречно морозильная камера объемная но есть небольшие недочеты с шумом', 4.0, '2023-02-05'),
        (65, 93, 64, 'Духовка MasterCook справляется со всеми задачами но дверца не закрывается плотно', 4.0, '2023-07-12'),
        (66, 11, 65, 'Стиральная машина Zanussi эффективно стирает но иногда возникают проблемы с сливом воды', 4.0, '2023-08-20'),
        (67, 28, 66, 'Посудомоечная машина LG имеет много функций но иногда оставляет следы воды на посуде', 3.5, '2023-09-30'),
        (68, 34, 67, 'Микроволновка Panasonic нагревает равномерно но пульт управления не всегда реагирует', 4.0, '2023-11-04'),
        (69, 45, 68, 'Электрический чайник Kenwood прост в использовании и быстро кипятит воду', 4.5, '2023-10-25'),
        (70, 49, 69, 'Утюг Bosch справляется с разглаживанием даже самых сложных тканей но довольно тяжелый', 4.0, '2023-12-28'),
        (71, 55, 70, 'Пылесос Philips отлично собирает пыль и мусор но короткий шнур', 4.0, '2023-11-15'),
        (72, 66, 71, 'Кондиционер Daikin работает бесшумно и эффективно управление через Wi-Fi очень удобно', 5.0, '2023-10-09'),
        (73, 78, 72, 'Бойлер Stiebel Eltron быстро нагревает воду и экономичен в использовании', 4.5, '2023-09-22'),
        (74, 83, 73, 'Блендер Scarlett мощный и качественный но иногда проскальзывают насадки', 4.0, '2023-08-17'),
        (75, 90, 74, 'Мультиварка Tefal удобна в использовании много программ но немного шумная', 4.0, '2023-07-11'),
        (76, 45, 75, 'Кофемашина Krups приготавливает вкусный кофе но сложно чистится', 4.0, '2023-06-02'),
        (77, 56, 76, 'Тостер Braun надежный и удобный в использовании регулировка степени обжарки работает хорошо', 4.5, '2023-05-29'),
        (78, 69, 77, 'Мясорубка Vitek мощная и качественная но иногда заедает мясо', 4.0, '2023-04-18'),
        (79, 70, 78, 'Фильтр-пылесборник Samsung эффективно задерживает пыль но не очень удобен в очистке', 3.5, '2023-03-25'),
        (80, 78, 79, 'Насадка для пылесоса Miele качественная и функциональная легко моет мебель', 4.5, '2023-02-14'),
        (81, 82, 80, 'Вентилятор Rowenta мощный но иногда шумный на максимальной скорости', 4.0, '2023-01-10'),
        (82, 93, 81, 'Керамический радиатор Supra нагревает комнату быстро но плохо регулируется температура', 4.0, '2023-12-05'),
        (83, 11, 82, 'Освежитель воздуха Air Wick имеет приятный аромат но быстро расходуется', 3.0, '2023-11-19'),
        (84, 28, 83, 'Умная система управления освещением Philips Hue отлично работает но требует установки специального приложения', 4.5, '2023-10-27'),
        (85, 34, 84, 'Встраиваемая духовка Siemens качественная и надежная но немного трудно установить', 4.0, '2023-09-18'),
        (86, 45, 85, 'Наушник для кухонного комбайна Kenwood удобный в использовании но насадки быстро изнашиваются', 3.5, '2023-08-22'),
        (87, 49, 86, 'Паровая машина для одежды SteamOne хороша в использовании отличная машина', 5.0, '2023-07-16'),
        (88, 55, 88, 'Массажная накидка для спины Beurer помогает снять напряжение отлично расслабляет', 4.5, '2023-06-29'),
        (89, 66, 89, 'Электронные кухонные весы Redmond точные и удобные в использовании но корпус из пластика', 4.0, '2023-05-14'),
        (90, 70, 90, 'Триммер для носа и ушей Braun компактный и легкий но не очень мощный', 3.5, '2023-04-07'),
        (91, 78, 91, 'Кофемолка DeLonghi молет зерна равномерно но иногда заедает', 4.0, '2023-03-03'),
        (92, 15, 92, 'Отличная соковыжималка-цитрусовыжималка Bosch соки получаются очень вкусные', 4.8, '2023-07-10'),
        (93, 25, 92, 'Не очень удобная в использовании насадки для сока и цитрусов довольно трудно менять', 3.2, '2023-07-21'),
        (94, 72, 93, 'Мясорубка электрическая Philips работает хорошо но иногда замедляется при измельчении', 4.0, '2023-08-05'),
        (95, 87, 93, 'Насадки для колбасы не очень удобные трудно их моется', 3.5, '2023-08-15'),
        (96, 34, 94, 'Фильтр для пылесоса Rowenta прекрасно собирает пыль но быстро забивается', 4.2, '2023-09-02'),
        (97, 56, 94, 'Пылесос стал работать гораздо эффективнее после установки этого фильтра', 4.7, '2023-09-19'),
        (98, 78, 95, 'Щетка-насадка для пылесоса Electrolux отлично убирает волосы и пыль с ковров', 4.5, '2023-10-08'),
        (99, 92, 95, 'Щетки быстро изнашиваются и требуют замены', 3.0, '2023-10-25'),
        (100, 46, 96, 'Вентилятор напольный Supra мощный и тихий отлично освежает воздух', 4.8, '2023-11-03'),
        (101, 35, 96, 'Управление вентилятором не очень удобное пульт дистанционного управления иногда не реагирует', 3.5, '2023-11-17'),
        (102, 21, 97, 'Масляный обогреватель Polaris быстро нагревает комнату и не шумит', 4.6, '2023-12-01'),
        (103, 78, 97, 'Иногда масляный обогреватель Polaris перегревается и автоматически выключается', 3.8, '2023-12-20'),
        (104, 45, 98, 'Очиститель воздуха Sharp эффективно удаляет запахи и пыль из воздуха', 4.9, '2023-12-28'),
        (105, 77, 98, 'Не сильно впечатлил этот очиститель воздуха Sharp работает не так эффективно как ожидалось', 2.8, '2023-12-30'),
        (106, 92, 99, 'Умный датчик движения Xiaomi прекрасно работает легко настраивается через приложение', 4.7, '2023-11-08'),
        (107, 58, 99, 'Инструкция по установке умного датчика движения Xiaomi не очень понятна пришлось искать информацию в интернете', 3.5, '2023-11-15'),
        (108, 63, 100, 'Встраиваемая микроволновая печь Siemens отлично подходит для моей кухни легко управляется', 4.8, '2023-10-04'),
        (109, 42, 100, 'Не очень доволен качеством сборки этой микроволновой печи Siemens иногда заедает дверца', 3.0, '2023-10-18'),
        (110, 89, 101, 'Нож для кухонного комбайна Braun острый и долговечный легко моется', 4.5, '2023-09-01'),
        (111, 47, 101, 'Не смог настроить нож для кухонного комбайна Braun инструкция неочевидная', 2.5, '2023-09-15'); -- в курсаче через copy from

INSERT INTO Orders (order_id, user_id, order_status, order_date, order_time, product_id, product_name, delivery_address, order_price, order_delivery_price)
VALUES  (1, 45, 'В обработке', '2023-07-12', '16:28:02', 22, 'Встраиваемая микроволновая печь Whirlpool', 'ул. Ленина, д. 10, кв. 5', 15000.00, 500),
        (2, 19, 'На сборке', '2023-09-28', '09:33:30', 26, 'Электрическая зубная щетка Oral-B', 'ул. Пушкина, д. 15, кв. 3', 4000.00, 350),
        (3, 67, 'В пути', '2023-11-05', '03:11:52', 15, 'Мясорубка Bosch', 'ул. Гагарина, д. 25, кв. 7', 7000.00, 720),
        (4, 84, 'Доставлен', '2023-04-19', '08:14:17', 18, 'Кондиционер настенный Mitsubishi Electric', 'ул. Советская, д. 30, кв. 12', 60000.00, 900),
        (5, 32, 'Отменен', '2023-10-07', '12:26:34', 5, 'Микроволновая печь LG', 'ул. Жукова, д. 12, кв. 8', 8000.00, 400),
        (6, 78, 'В обработке', '2023-08-15', '15:41:54', 13, 'Кофемашина DeLonghi', 'ул. Победы, д. 5, кв. 1', 25000.00, 550),
        (7, 22, 'На сборке', '2023-06-25', '22:08:16', 1, 'Холодильник Атлант', 'ул. Лермонтова, д. 7, кв. 4', 25000.00, 280),
        (8, 59, 'В пути', '2023-03-11', '11:31:46', 25, 'Фен для волос Remington', 'ул. Маяковского, д. 20, кв. 6', 2000.00, 670),
        (9, 41, 'Доставлен', '2023-05-30', '17:48:03', 10, 'Водонагреватель Ariston', 'ул. Горького, д. 3, кв. 15', 12000.00, 820),
        (10, 76, 'Отменен', '2023-02-17', '07:32:39', 14, 'Тостер Braun', 'ул. Шевченко, д. 18, кв. 2', 3000.00, 300),
        (11, 12, 'В обработке', '2023-11-03', '00:11:46', 30, 'Кофемолка Krups', 'ул. Ленинская, д. 14, кв. 9', 4000.00, 430),
        (12, 59, 'На сборке', '2023-09-20', '23:54:56', 27, 'Массажер для шеи и спины Beurer', 'ул. Кирова, д. 22, кв. 10', 7000.00, 550),
        (13, 88, 'В пути', '2023-07-08', '06:51:17', 29, 'Триммер для бороды Philips', 'ул. Гагарина, д. 35, кв. 3', 2500.00, 600),
        (14, 11, 'Доставлен', '2023-04-26', '17:54:38', 24, 'Утюг паровой Tefal', 'ул. Красная, д. 9, кв. 6', 3000.00, 750),
        (15, 67, 'Отменен', '2023-10-14', '21:41:41', 8, 'Пылесос Samsung', 'ул. Фрунзе, д. 11, кв. 7', 7000.00, 200),
        (16, 45, 'В обработке', '2023-08-02', '06:13:22', 7, 'Утюг Rowenta', 'ул. Советская, д. 15, кв. 8', 2000.00, 610),
        (17, 22, 'На сборке', '2023-05-21', '16:13:59', 9, 'Кондиционер Panasonic', 'ул. Ленина, д. 40, кв. 2', 40000.00, 580),
        (18, 19, 'В пути', '2023-01-09', '19:49:47', 28, 'Электронные весы Xiaomi', 'ул. Горького, д. 18, кв. 4', 3000.00, 300),
        (19, 78, 'Доставлен', '2023-11-27', '07:01:45', 3, 'Стиральная машина Bosch', 'ул. Ленина, д. 25, кв. 12', 30000.00, 720),
        (20, 32, 'Отменен', '2023-06-05', '12:06:30', 20, 'Очиститель воздуха Dyson', 'ул. Маяковского, д. 10, кв. 7', 30000.00, 550),
        (21, 67, 'В обработке', '2023-03-24', '00:34:42', 17, 'Аксессуары для пылесоса Karcher', 'ул. Пушкина, д. 20, кв. 3', 2000.00, 400),
        (22, 45, 'На сборке', '2023-10-11', '07:24:59', 11, 'Блендер Moulinex', 'ул. Фрунзе, д. 5, кв. 11', 5000.00, 820),
        (23, 84, 'В пути', '2023-08-19', '03:51:02', 16, 'Фильтр для пылесоса Philips', 'ул. Лермонтова, д. 30, кв. 7', 1000.00, 600),
        (24, 59, 'Доставлен', '2023-05-06', '07:44:54', 23, 'Насадка для блендера Bosch', 'ул. Гагарина, д. 8, кв. 6', 2000.00, 480),
        (25, 41, 'Отменен', '2023-01-25', '22:46:29', 6, 'Электрический чайник Philips', 'ул. Маяковского, д. 15, кв. 9', 3000.00, 320),
        (26, 76, 'В обработке', '2023-09-12', '03:05:57', 21, 'Система умного дома Google Nest', 'ул. Красная, д. 25, кв. 3', 25000.00, 880),
        (27, 12, 'На сборке', '2023-06-30', '05:07:07', 12, 'Мультиварка Redmond', 'ул. Жукова, д. 20, кв. 12', 6000.00, 780),
        (28, 32, 'Доставлен', '2023-04-17', '15:55:25', 19, 'Обогреватель керамический Timberk', 'ул. Лермонтова, д. 10, кв. 15', 5000.00, 570),
        (29, 54, 'Отменен', '2023-11-01', '15:43:44', 23, 'Насадка для блендера Bosch', 'ул. Пушкина, д. 5, кв. 7', 2000.00, 420),
        (30, 89, 'В пути', '2023-08-08', '08:05:24', 30, 'Кофемолка Krups', 'ул. Гагарина, д. 15, кв. 32', 4000.00, 690),
        (31, 14, 'В обработке', '2023-07-15', '03:25:45', 55, 'Насадка для кухонного комбайна Kenwood', 'ул. Садовая, д. 8, кв. 10', 6000.00, 400),
        (32, 32, 'На сборке', '2023-09-22', '17:30:12', 43, 'Мультиварка Moulinex', 'ул. Лесная, д. 12, кв. 3', 8000.00, 780),
        (33, 45, 'В пути', '2023-11-03', '06:03:40', 52, 'Очиститель воздуха с ионизатором Philips', 'ул. Набережная, д. 15, кв. 7', 25000.00, 690),
        (34, 67, 'Доставлен', '2023-04-12', '13:10:02', 51, 'Масляный радиатор Zanussi', 'ул. Луговая, д. 20, кв. 9', 8000.00, 520),
        (35, 84, 'Отменен', '2023-10-28', '05:39:24', 32, 'Газовая плита Gorenje', 'ул. Парковая, д. 5, кв. 3', 30000.00, 280),
        (36, 32, 'В обработке', '2023-08-07', '14:40:25', 46, 'Тостер-гриль Braun', 'ул. Пионерская, д. 10, кв. 6', 5000.00, 550),
        (37, 76, 'На сборке', '2023-06-19', '05:37:06', 35, 'Микроволновка с грилем Samsung', 'ул. Солнечная, д. 25, кв. 4', 10000.00, 420),
        (38, 22, 'В пути', '2023-03-01', '14:34:41', 39, 'Переносной кондиционер Haier', 'ул. Луговая, д. 12, кв. 5', 35000.00, 800),
        (39, 59, 'Отменен', '2023-05-09', '13:50:51', 47, 'Мясорубка Moulinex', 'ул. Садовая, д. 7, кв. 8', 7000.00, 300),
        (40, 41, 'В обработке', '2023-02-14', '18:37:11', 57, 'Фен с ионизацией Rowenta', 'ул. Пушкина, д. 30, кв. 1', 4000.00, 570),
        (41, 45, 'На сборке', '2023-11-30', '12:06:10', 36, 'Электрический чайник Braun', 'ул. Лесная, д. 15, кв. 11', 4000.00, 670),
        (42, 19, 'В пути', '2023-09-25', '01:49:47', 31, 'Морозильная камера Beko', 'ул. Пионерская, д. 20, кв. 4', 20000.00, 750),
        (43, 59, 'Доставлен', '2023-07-18', '16:47:01', 44, 'Кофемолка-блендер Scarlett', 'ул. Центральная, д. 14, кв. 9', 4000.00, 920),
        (44, 22, 'Отменен', '2023-04-05', '20:33:03', 49, 'Насадка для пылесоса Electrolux', 'ул. Парковая, д. 25, кв. 8', 1500.00, 280),
        (45, 78, 'В обработке', '2023-10-10', '06:42:47', 53, 'Умная система управления освещением TP-Link', 'ул. Луговая, д. 30, кв. 5', 5000.00, 600),
        (46, 12, 'На сборке', '2023-08-16', '04:45:17', 38, 'Пылесос-робот iRobot', 'ул. Лесная, д. 7, кв. 2', 30000.00, 880),
        (47, 67, 'В пути', '2023-12-22', '23:01:29', 40, 'Бойлер Atlantic', 'ул. Пушкина, д. 12, кв. 5', 15000.00, 470),
        (48, 45, 'Отменен', '2023-02-05', '01:47:56', 54, 'Варочная панель индукционная Bosch', 'ул. Центральная, д. 5, кв. 3', 30000.00, 400),
        (49, 84, 'В обработке', '2023-05-14', '15:40:44', 50, 'Мобильный кондиционер Ballu', 'ул. Солнечная, д. 8, кв. 12', 40000.00, 850),
        (50, 32, 'На сборке', '2023-11-08', '04:04:54', 48, 'Фильтр для пылесоса Karcher', 'ул. Лесная, д. 20, кв. 4', 1000.00, 600),
        (51, 59, 'В пути', '2023-08-03', '07:26:31', 37, 'Парогенератор Tefal', 'ул. Центральная, д. 10, кв. 8', 15000.00, 520),
        (52, 41, 'Доставлен', '2023-03-17', '02:27:50', 33, 'Сушильная машина LG', 'ул. Пушкина, д. 25, кв. 6', 35000.00, 760),
        (53, 76, 'Отменен', '2023-06-29', '03:36:33', 56, 'Паровая станция Philips', 'ул. Солнечная, д. 15, кв. 11', 35000.00, 480),
        (54, 12, 'В обработке', '2023-09-24', '06:18:43', 42, 'Блендер-погружной Vitek', 'ул. Луговая, д. 30, кв. 4', 3000.00, 600),
        (55, 67, 'На сборке', '2023-12-02', '17:48:04', 58, 'Электрическая зубная щетка Panasonic', 'ул. Пионерская, д. 12, кв. 9', 5000.00, 300),
        (56, 88, 'В пути', '2023-08-13', '07:52:00', 34, 'Компактный посудомоечный аппарат Bosch', 'ул. Садовая, д. 20, кв. 6', 25000.00, 640),
        (57, 11, 'Отменен', '2023-04-26', '09:55:33', 87, 'Электрическая зубная щетка Colgate', 'ул. Центральная, д. 3, кв. 7', 2500.00, 870),
        (58, 78, 'В пути', '2023-10-01', '01:00:08', 59, 'Массажер для ног Beurer', 'ул. Луговая, д. 18, кв. 2', 7000.00, 480),
        (59, 22, 'Доставлен', '2023-07-09', '09:03:50', 54, 'Варочная панель индукционная Bosch', 'ул. Солнечная, д. 25, кв. 10', 30000.00, 600),
        (60, 59, 'Отменен', '2023-05-16', '00:52:32', 31, 'Морозильная камера Beko', 'ул. Центральная, д. 3, кв. 7', 20000.00, 370),
        (61, 14, 'В обработке', '2023-06-15', '10:45:56', 78, 'Фильтр-пылесборник Samsung', 'ул. Ленина, д. 10, кв. 5', 1500.00, 320),
        (62, 32, 'На сборке', '2023-04-20', '20:00:58', 89, 'Электронные кухонные весы Redmond', 'ул. Лесная, д. 12, кв. 3', 3500.00, 620),
        (63, 45, 'В пути', '2023-03-10', '04:58:26', 85, 'Наушник для кухонного комбайна Kenwood', 'ул. Набережная, д. 15, кв. 7', 4500.00, 410),
        (64, 67, 'Доставлен', '2023-02-05', '12:32:43', 84, 'Встраиваемая духовка Siemens', 'ул. Луговая, д. 20, кв. 9', 35000.00, 580),
        (65, 84, 'Отменен', '2023-07-12', '15:20:17', 75, 'Кофемашина Krups', 'ул. Парковая, д. 5, кв. 3', 45000.00, 420),
        (66, 32, 'В обработке', '2023-08-20', '22:44:52', 82, 'Освежитель воздуха Air Wick', 'ул. Пионерская, д. 10, кв. 6', 700.00, 560),
        (67, 76, 'На сборке', '2023-09-30', '23:01:03', 60, 'Электронные напольные весы Redmond', 'ул. Солнечная, д. 25, кв. 4', 3000.00, 720),
        (68, 22, 'В пути', '2023-11-04', '15:02:51', 63, 'Холодильник Снеж', 'ул. Луговая, д. 12, кв. 5', 35000.00, 680),
        (69, 59, 'Отменен', '2023-10-25', '05:14:33', 77, 'Мясорубка Vitek', 'ул. Садовая, д. 7, кв. 8', 7000.00, 370),
        (70, 41, 'В обработке', '2023-12-28', '01:00:22', 87, 'Электронные кухонные весы Redmond', 'ул. Пушкина, д. 30, кв. 1', 3500.00, 820),
        (71, 45, 'На сборке', '2023-11-15', '01:17:28', 71, 'Кондиционер Daikin', 'ул. Лесная, д. 15, кв. 11', 70000.00, 630),
        (72, 19, 'В пути', '2023-10-09', '05:46:23', 72, 'Бойлер Stiebel Eltron', 'ул. Пионерская, д. 20, кв. 4', 18000.00, 480),
        (73, 59, 'Доставлен', '2023-09-22', '15:16:38', 76, 'Тостер Braun', 'ул. Центральная, д. 14, кв. 9', 5000.00, 920),
        (74, 22, 'Отменен', '2023-08-17', '17:12:08', 83, 'Умная система управления освещением Philips Hue', 'ул. Парковая, д. 25, кв. 8', 15000.00, 480),
        (75, 78, 'В обработке', '2023-07-11', '10:29:15', 86, 'Паровая машина для одежды SteamOne', 'ул. Луговая, д. 30, кв. 5', 20000.00, 720),
        (76, 12, 'На сборке', '2023-06-02', '11:29:13', 64, 'Духовка MasterCook', 'ул. Лесная, д. 7, кв. 2', 25000.00, 970),
        (77, 67, 'В пути', '2023-05-29', '15:29:46', 69, 'Утюг Bosch', 'ул. Пушкина, д. 12, кв. 5', 3000.00, 380),
        (78, 45, 'Отменен', '2023-04-18', '19:38:32', 81, 'Керамический радиатор Supra', 'ул. Центральная, д. 5, кв. 3', 10000.00, 330),
        (79, 84, 'В обработке', '2023-03-25', '22:34:47', 74, 'Мультиварка Tefal', 'ул. Солнечная, д. 8, кв. 12', 10000.00, 840),
        (80, 32, 'На сборке', '2023-02-14', '00:33:24', 88, 'Массажная накидка для спины Beurer', 'ул. Лесная, д. 20, кв. 4', 8000.00, 510),
        (81, 59, 'В пути', '2023-01-10', '04:39:39', 66, 'Посудомоечная машина LG', 'ул. Центральная, д. 10, кв. 8', 40000.00, 700),
        (82, 41, 'Доставлен', '2023-12-05', '11:02:26', 80, 'Вентилятор напольный Rowenta', 'ул. Пушкина, д. 25, кв. 6', 8000.00, 950),
        (83, 76, 'Отменен', '2023-11-19', '00:20:50', 79, 'Насадка для пылесоса Miele', 'ул. Солнечная, д. 15, кв. 11', 2000.00, 220),
        (84, 12, 'В обработке', '2023-10-27', '07:39:52', 66, 'Посудомоечная машина LG', 'ул. Луговая, д. 30, кв. 4', 40000.00, 780),
        (85, 67, 'На сборке', '2023-09-18', '05:31:57', 61, 'Триммер для бороды и усов Philips', 'ул. Пионерская, д. 12, кв. 9', 2500.00, 470),
        (86, 88, 'В пути', '2023-08-22', '07:28:11', 67, 'Микроволновая печь Panasonic', 'ул. Гагарина, д. 25, кв. 3', 12000.00, 540),
        (87, 22, 'Отменен', '2023-07-16', '19:00:38', 84, 'Встраиваемая духовка Siemens', 'ул. Красная, д. 15, кв. 2', 35000.00, 400),
        (88, 19, 'В пути', '2023-06-29', '09:30:21', 60, 'Электронные напольные весы Redmond', 'ул. Пионерская, д. 20, кв. 4', 3000.00, 570),
        (89, 59, 'Доставлен', '2023-05-14', '05:37:30', 85, 'Наушник для кухонного комбайна Kenwood', 'ул. Центральная, д. 14, кв. 9', 4500.00, 680),
        (90, 45, 'Отменен', '2023-04-07', '12:49:45', 71, 'Кондиционер Daikin', 'ул. Луговая, д. 5, кв. 9', 70000.00, 700),
        (91, 12, 'В обработке', '2023-03-03', '20:10:02', 92, 'Соковыжималка-цитрусовыжималка Bosch', 'ул. Новая, д. 25, кв. 6', 4000.00, 450),
        (92, 45, 'На сборке', '2023-07-10', '00:15:17', 100, 'Встраиваемая микроволновая печь Siemens', 'ул. Цветочная, д. 10, кв. 8', 25000.00, 780),
        (93, 32, 'В пути', '2023-07-21', '21:02:19', 93, 'Мясорубка электрическая Philips', 'ул. Солнечная, д. 15, кв. 5', 9000.00, 620),
        (94, 19, 'Доставлен', '2023-08-05', '14:53:34', 99, 'Умный датчик движения Xiaomi', 'ул. Луговая, д. 20, кв. 4', 1500.00, 230),
        (95, 59, 'Отменен', '2023-08-15', '16:22:29', 98, 'Очиститель воздуха Sharp', 'ул. Цветочная, д. 10, кв. 5', 25000.00, 470),
        (96, 84, 'В обработке', '2023-09-02', '10:35:40', 90, 'Триммер для носа и ушей Braun', 'ул. Пионерская, д. 5, кв. 7', 2000.00, 310),
        (97, 32, 'На сборке', '2023-09-19', '06:45:53', 96, 'Вентилятор напольный Supra', 'ул. Лесная, д. 15, кв. 9', 7000.00, 520),
        (98, 22, 'В пути', '2023-10-08', '08:08:46', 101, 'Нож для кухонного комбайна Braun', 'ул. Мира, д. 8, кв. 2', 3500.00, 290),
        (99, 59, 'Доставлен', '2023-10-25', '08:08:30', 97, 'Масляный обогреватель Polaris', 'ул. Цветочная, д. 5, кв. 3', 6000.00, 620),
        (100, 45, 'Отменен', '2023-11-03', '04:11:29', 94, 'Фильтр для пылесоса Rowenta', 'ул. Цветочная, д. 10, кв. 1', 2000.00, 180),
        (101, 76, 'В обработке', '2023-11-17', '17:13:08', 102, 'Паровая швабра Bissell', 'ул. Солнечная, д. 12, кв. 4', 8000.00, 670),
        (102, 12, 'На сборке', '2023-12-01', '20:50:34', 91, 'Кофемолка DeLonghi', 'ул. Новая, д. 25, кв. 6', 7000.00, 390),
        (103, 67, 'В пути', '2023-12-20', '14:16:29', 95, 'Щетка-насадка для пылесоса Electrolux', 'ул. Пионерская, д. 12, кв. 8', 3000.00, 450),
        (104, 45, 'Отменен', '2023-12-28', '16:07:04', 102, 'Паровая швабра Bissell', 'ул. Цветочная, д. 10, кв. 1', 8000.00, 270),
        (105, 32, 'В обработке', '2023-12-30', '03:19:03', 102, 'Паровая швабра Bissell', 'ул. Лесная, д. 15, кв. 9', 8000.00, 890),
        (106, 22, 'На сборке', '2023-11-08', '14:53:36', 100, 'Встраиваемая микроволновая печь Siemens', 'ул. Мира, д. 8, кв. 2', 25000.00, 450),
        (107, 19, 'В пути', '2023-11-15', '20:16:37', 94, 'Фильтр для пылесоса Rowenta', 'ул. Луговая, д. 20, кв. 4', 2000.00, 780),
        (108, 59, 'Доставлен', '2023-10-04', '04:14:59', 96, 'Вентилятор напольный Supra', 'ул. Цветочная, д. 5, кв. 3', 7000.00, 560),
        (109, 45, 'Отменен', '2023-10-18', '21:32:37', 97, 'Масляный обогреватель Polaris', 'ул. Цветочная, д. 10, кв. 1', 6000.00, 420),
        (110, 84, 'В обработке', '2023-09-01', '14:55:03', 101, 'Нож для кухонного комбайна Braun', 'ул. Пионерская, д. 5, кв. 7', 3500.00, 930),
        (111, 32, 'На сборке', '2023-09-15', '12:25:39', 98, 'Очиститель воздуха Sharp', 'ул. Лесная, д. 15, кв. 9', 25000.00, 680); -- в курсаче через copy from

-- -- -- -- Представления на выборку данных из нескольких таблиц с использованием условий отбора по нескольким полям -- -- -- --

-- Представление для просмотра заказов определенного пользователя. В данном случае user_id 1
CREATE VIEW UserOrders AS
SELECT o.order_id, p.product_name, o.order_date, o.order_price
FROM Orders o
         JOIN Products p ON o.product_id = p.product_id
WHERE o.user_id = 12;

-- Представление для просмотра отзывов определенного товара. В данном случае product_id 1
CREATE VIEW ProductSpecificReviews AS
SELECT pr.review_text, pr.review_rating, u.user_name
FROM ProductReviews pr
         JOIN Users u ON pr.user_id = u.user_id
WHERE pr.product_id = 99;

-- Представление для просмотра информации о продуктах определенной категории. В данном случае пылесосы
CREATE VIEW CategoryProducts AS
SELECT p.product_id, p.product_name, p.product_price, p.product_description
FROM Products p
         JOIN Categories c ON p.category_id = c.category_id
WHERE c.category_name = 'Пылесосы';

-- Представление для просмотра средней оценки продуктов в каждой категории.
CREATE VIEW AverageRatingPerCategory AS
SELECT c.category_name, ROUND(AVG(pr.review_rating), 1) AS avg_rating
FROM Categories c
         JOIN Products p ON c.category_id = p.category_id
         LEFT JOIN ProductReviews pr ON p.product_id = pr.product_id
GROUP BY c.category_name;

-- -- -- -- -- -- -- -- -- -- -- -- Представления с использованием расчетных полей -- -- -- -- -- -- -- -- -- -- -- --

-- Представление для просмотра информации о товарах с добавленным расчетным полем для скидки
CREATE VIEW ProductsWithDiscount AS
SELECT p.*,
       CASE
           WHEN p.product_price >= 25000 THEN p.product_price * 0.25
           ELSE 0
           END AS discount_amount
FROM Products p;

-- Представление для просмотра информации о заказах с добавленным расчетным полем для общей стоимости заказа
CREATE VIEW OrderTotalCost AS
SELECT o.*,
       o.order_price + o.order_delivery_price AS total_cost
FROM Orders o;

-- -- -- -- -- -- -- -- -- -- -- -- Представления с использованием оконных функций -- -- -- -- -- -- -- -- -- -- -- --

-- Представление для просмотра суммарной стоимости заказов по дням
CREATE VIEW DailyTotalOrderCost AS
SELECT order_date,
       SUM(order_price + order_delivery_price) OVER (PARTITION BY order_date) AS daily_total_cost
FROM Orders;

-- Представление для просмотра самых активных пользователей по количеству заказов
CREATE VIEW MostActiveUsers AS
SELECT user_id,
       COUNT(*) OVER (PARTITION BY user_id) AS total_orders
FROM Orders;

-- -- -- -- -- -- -- -- -- -- -- -- Представления с использованием групповых операций -- -- -- -- -- -- -- -- -- -- -- --

-- Представление для просмотра общей стоимости заказов в каждой категории
CREATE VIEW TotalOrderCostPerCategory AS
SELECT p.category_name, SUM(o.order_price + o.order_delivery_price) AS total_cost
FROM Orders o
         JOIN Products p ON o.product_id = p.product_id
GROUP BY p.category_name;

-- Представление для просмотра суммарной стоимости заказов для каждого пользователя
CREATE VIEW TotalOrderCostPerUser AS
SELECT user_id, SUM(order_price + order_delivery_price) AS total_cost
FROM Orders
GROUP BY user_id;

-- Представление для просмотра общего количества продуктов в каждой категории
CREATE VIEW TotalProductsPerCategory AS
SELECT p.category_id, c.category_name, COUNT(*) AS total_products
FROM Products p
         JOIN Categories c ON p.category_id = c.category_id
GROUP BY p.category_id, c.category_name;

-- -- -- -- -- -- -- -- Представления с использованием генерируемых столбцов (сохраняемых и не сохраняемых) -- -- -- -- -- -- -- --

-- Представление добавляет столбец total_reviews для просмотра общего количества отзывов для каждого продукта
CREATE VIEW ProductTotalReviews AS
SELECT p.*,
       COALESCE(pr.total_reviews, 0) AS total_reviews
FROM Products p
         LEFT JOIN (SELECT product_id, COUNT(*) AS total_reviews
                    FROM ProductReviews
                    GROUP BY product_id) pr ON p.product_id = pr.product_id;

-- Представление добавляет столбец avg_rating для просмотра среднего рейтинга каждого пользователя на основе отзывов о товарах
CREATE VIEW UserAverageRating AS
SELECT u.user_id, u.user_name, AVG(pr.review_rating) AS avg_rating
FROM Users u
         LEFT JOIN ProductReviews pr ON u.user_id = pr.user_id
GROUP BY u.user_id, u.user_name;

----------------------------- процедуры

